mutation,Tier,predicted_effect,position,Odds_Ratio,BH_pval,BH_neutral_pval,BH_LRT_pval,BH_LRT_neutral_pval,Num_Isolates,Mut_R,Mut_S,NoMut_S,NoMut_R,PPV,NPV,Sens,Spec,LR+,LR-,PPV_LB,PPV_UB,NPV_LB,NPV_UB,Sens_LB,Sens_UB,Spec_LB,Spec_UB,LR+_LB,LR+_UB,LR-_LB,LR-_UB,regression_confidence,MIC_coef,BH_MIC_pval,single_lineage,Initial_Confidence_Grading,Phenos
ddn_deletion,1,feature_ablation,3920752;3982637;3923163;3982181;3921661;3971808;3972012;3964354;3921663;3971882;3921757;3961915;3921728;3971803;3921737;3921657;3982729;3943791;3971573;3986607;3908549;3923634;3921703;3921805;3930595;3921776;3982746;3921777;3982443;3921719;3929022;3972273;3921720;3921721;3920247;3978917;3972297;3944386;3901128;3972269;3982461,1.695404561810499,0.0,1.0,5.232193424873131e-26,1.0,2,2,0,678,8,1.0,0.9883381924198252,0.2,1.0,inf,0.8,0.158113883008393,1.0,0.9771514657971756,0.99495218383165,0.0252107263268334,0.5560954623076415,0.9945739493283464,1.0,,inf,0.5868177012338136,1.090628313792116,Uncertain,0.3398963531716729,0.0,,3) Uncertain significance,ALL
fgd1_p.Pro52fs,1,frameshift,490933,1.463570725355594,0.0165,1.0,9.996143816342106e-19,1.0,1,1,0,678,9,1.0,0.9868995633187772,0.1,1.0,inf,0.9,0.025,1.0,0.9752774883352546,0.9939926196741584,0.0025285785444625,0.4450161170281954,0.9945739493283464,1.0,,inf,0.7320116427439927,1.106539777104723,Uncertain,0.2075131214422963,0.08415,2.2.1,3) Uncertain significance,ALL
ddn_p.Trp88*,1,stop_gained,3987106;3987107,1.462207062874353,0.0165,1.0,7.612482583602403e-18,1.0,1,1,0,678,9,1.0,0.9868995633187772,0.1,1.0,inf,0.9,0.025,1.0,0.9752774883352546,0.9939926196741584,0.0025285785444625,0.4450161170281954,0.9945739493283464,1.0,,inf,0.7320116427439927,1.106539777104723,Uncertain,0.2078082057171839,0.0605,2.2.1,3) Uncertain significance,ALL
ddn_p.Glu35fs,1,frameshift,3986946;3986942;3986947;3986944,1.459156456238454,0.0165,1.0,1.39029738836844e-13,1.0,1,1,0,678,9,1.0,0.9868995633187772,0.1,1.0,inf,0.9,0.025,1.0,0.9752774883352546,0.9939926196741584,0.0025285785444625,0.4450161170281954,0.9945739493283464,1.0,,inf,0.7320116427439927,1.106539777104723,Uncertain,0.2523565216664045,0.0,4.3.4.2.1,3) Uncertain significance,ALL
ddn_p.Gln58*,1,stop_gained,3987015,1.454640161486815,0.0,1.0,4.470920306832059e-22,1.0,1,1,0,678,9,1.0,0.9868995633187772,0.1,1.0,inf,0.9,0.025,1.0,0.9752774883352546,0.9939926196741584,0.0025285785444625,0.4450161170281954,0.9945739493283464,1.0,,inf,0.7320116427439927,1.106539777104723,Uncertain,0.2191424949340648,0.0729473684210526,2.2.1,3) Uncertain significance,ALL
fbiA_p.Gly283Arg,1,missense_variant,3641389,1.443236117946002,0.0,1.0,4.203026275984623e-15,1.0,1,1,0,678,9,1.0,0.9868995633187772,0.1,1.0,inf,0.9,0.025,1.0,0.9752774883352546,0.9939926196741584,0.0025285785444625,0.4450161170281954,0.9945739493283464,1.0,,inf,0.7320116427439927,1.106539777104723,Uncertain,0.226717024057652,0.0605,2.2.2,3) Uncertain significance,ALL
fbiB_p.Pro440Ser,1,missense_variant,3642852,1.078513009833583,0.12375,1.0,1.0,0.0,2,1,1,677,9,0.5,0.9868804664723032,0.1,0.9985250737463128,67.8000000000016,0.9013293943870014,0.0125791170936789,0.987420882906321,0.9752416629229024,0.993983837570926,0.0025285785444625,0.4450161170281954,0.9918098889348635,0.999962658797518,4.553914037600229,1009.426168795801,0.7330780531760585,1.108196697017925,Uncertain,0.044160120853359,0.02475,,3) Uncertain significance,ALL
fgd1_p.Ser144Arg,1,missense_variant,491214;491212,1.078513009833583,0.12375,1.0,1.0,0.0,2,1,1,677,9,0.5,0.9868804664723032,0.1,0.9985250737463128,67.8000000000016,0.9013293943870014,0.0125791170936789,0.987420882906321,0.9752416629229024,0.993983837570926,0.0025285785444625,0.4450161170281954,0.9918098889348635,0.999962658797518,4.553914037600229,1009.426168795801,0.7330780531760585,1.108196697017925,Uncertain,0.0441601208533593,0.02475,,3) Uncertain significance,ALL
fbiC_c.-71G>A,1,upstream_gene_variant,1302860,1.078513009833583,0.12375,1.0,1.0,0.0,2,1,1,677,9,0.5,0.9868804664723032,0.1,0.9985250737463128,67.8000000000016,0.9013293943870014,0.0125791170936789,0.987420882906321,0.9752416629229024,0.993983837570926,0.0025285785444625,0.4450161170281954,0.9918098889348635,0.999962658797518,4.553914037600229,1009.426168795801,0.7330780531760585,1.108196697017925,Uncertain,0.0441601208533591,0.02475,,3) Uncertain significance,ALL
fbiC_c.-121C>T,1,upstream_gene_variant,1302810,1.078513009833583,0.12375,1.0,1.0,0.0,2,1,1,677,9,0.5,0.9868804664723032,0.1,0.9985250737463128,67.8000000000016,0.9013293943870014,0.0125791170936789,0.987420882906321,0.9752416629229024,0.993983837570926,0.0025285785444625,0.4450161170281954,0.9918098889348635,0.999962658797518,4.553914037600229,1009.426168795801,0.7330780531760585,1.108196697017925,Uncertain,0.0441601208533593,0.02475,,3) Uncertain significance,ALL
fgd1_p.Gly137Arg,1,missense_variant,491190;491191,1.078513009833583,0.12375,1.0,1.0,0.0,2,1,1,677,9,0.5,0.9868804664723032,0.1,0.9985250737463128,67.8000000000016,0.9013293943870014,0.0125791170936789,0.987420882906321,0.9752416629229024,0.993983837570926,0.0025285785444625,0.4450161170281954,0.9918098889348635,0.999962658797518,4.553914037600229,1009.426168795801,0.7330780531760585,1.108196697017925,Uncertain,0.044160120853359,0.02475,,3) Uncertain significance,ALL
fbiB_p.Leu447Arg,1,missense_variant,3642874,1.001670326768189,0.583,0.0,1.0,0.0,10,1,9,669,9,0.1,0.986725663716814,0.1,0.986725663716814,7.533333333333322,0.9121076233183856,0.0025285785444625,0.4450161170281954,0.9749512780479668,0.9939126454327634,0.0025285785444625,0.4450161170281954,0.9749512780479668,0.9939126454327634,1.051221672867564,53.98586480461636,0.7417225557718886,1.121632758828183,Neutral,-0.0440850753083326,0.4175217391304348,4.8,3) Uncertain significance,ALL
fbiB_p.Val416Ile,1,missense_variant,3642780,0.9962035857217644,0.987,0.251625,1.0,0.0,1,0,1,677,10,0.0,0.985443959243086,0.0,0.9985250737463128,0.0,1.001477104874446,0.0,0.975,0.9733942725307592,0.9929983268406236,0.0,0.3084971078187629,0.9918098889348635,0.999962658797518,0.0,,0.9985840818291172,1.004378509369563,Uncertain,0.0103335373464809,0.5169999999999999,1.1.3,3) Uncertain significance,ALL
Rv2983_p.Thr48Ser,1,missense_variant,3339259,0.9946391705244207,0.987,0.0,1.0,0.0,1,0,1,677,10,0.0,0.985443959243086,0.0,0.9985250737463128,0.0,1.001477104874446,0.0,0.975,0.9733942725307592,0.9929983268406236,0.0,0.3084971078187629,0.9918098889348635,0.999962658797518,0.0,,0.9985840818291172,1.004378509369563,Uncertain,-0.0086009531848049,0.5649456521739131,3.1.1,3) Uncertain significance,ALL
fgd1_p.Gly168Arg,1,missense_variant,491284,0.9940794821278406,0.987,0.21175,1.0,0.0,1,0,1,677,10,0.0,0.985443959243086,0.0,0.9985250737463128,0.0,1.001477104874446,0.0,0.975,0.9733942725307592,0.9929983268406236,0.0,0.3084971078187629,0.9918098889348635,0.999962658797518,0.0,,0.9985840818291172,1.004378509369563,Uncertain,0.0132418934833762,0.5169999999999999,4.1.1.1,3) Uncertain significance,ALL
fbiA_c.-58C>T,1,upstream_gene_variant,3640485,0.9940163510509288,0.987,0.033,1.0,0.0,1,0,1,677,10,0.0,0.985443959243086,0.0,0.9985250737463128,0.0,1.001477104874446,0.0,0.975,0.9733942725307592,0.9929983268406236,0.0,0.3084971078187629,0.9918098889348635,0.999962658797518,0.0,,0.9985840818291172,1.004378509369563,Uncertain,-0.0022911425140198,0.633,4.3.2.1,3) Uncertain significance,ALL
fbiC_p.Thr510Ser,1,missense_variant,1304458;1304459,0.9924452570559864,0.987,0.231,1.0,0.0,1,0,1,677,10,0.0,0.985443959243086,0.0,0.9985250737463128,0.0,1.001477104874446,0.0,0.975,0.9733942725307592,0.9929983268406236,0.0,0.3084971078187629,0.9918098889348635,0.999962658797518,0.0,,0.9985840818291172,1.004378509369563,Uncertain,0.0006989760348899,0.5169999999999999,4.3.4.2.1,3) Uncertain significance,ALL
fbiC_p.Ser782Ala,1,missense_variant,1305274,0.9924452570559864,0.987,0.231,1.0,0.0,1,0,1,677,10,0.0,0.985443959243086,0.0,0.9985250737463128,0.0,1.001477104874446,0.0,0.975,0.9733942725307592,0.9929983268406236,0.0,0.3084971078187629,0.9918098889348635,0.999962658797518,0.0,,0.9985840818291172,1.004378509369563,Uncertain,0.0006989760348899,0.5169999999999999,4.3.4.2.1,3) Uncertain significance,ALL
Rv2983_p.Ile129Met,1,missense_variant,3339504,0.9921940588715876,0.987,0.1272857142857142,1.0,0.0,2,0,2,676,10,0.0,0.9854227405247812,0.0,0.9970501474926252,0.0,1.002958579881657,0.0,0.841886116991607,0.9733557269705788,0.9929880887688411,0.0,0.3084971078187629,0.9893850968183528,0.9996425593217516,0.0,,0.9988606064443256,1.007073365861384,Uncertain,0.0168753731692404,0.5031147540983607,2.2.1,3) Uncertain significance,ALL
fgd1_c.-27T>G,1,upstream_gene_variant,490756,0.9919125755577208,0.987,0.3338823529411764,1.0,0.0,1,0,1,677,10,0.0,0.985443959243086,0.0,0.9985250737463128,0.0,1.001477104874446,0.0,0.975,0.9733942725307592,0.9929983268406236,0.0,0.3084971078187629,0.9918098889348635,0.999962658797518,0.0,,0.9985840818291172,1.004378509369563,Uncertain,0.0083552222131427,0.5169999999999999,4.6.2,3) Uncertain significance,ALL
fbiB_p.Ala307Pro,1,missense_variant,3642453,0.9913963126287338,0.987,0.1272857142857142,1.0,0.0,1,0,1,677,10,0.0,0.985443959243086,0.0,0.9985250737463128,0.0,1.001477104874446,0.0,0.975,0.9733942725307592,0.9929983268406236,0.0,0.3084971078187629,0.9918098889348635,0.999962658797518,0.0,,0.9985840818291172,1.004378509369563,Uncertain,-0.0059033698598761,0.57853125,4.3.3,3) Uncertain significance,ALL
fgd1_p.Lys296Glu,1,missense_variant,491668,0.99101567166492,0.8356764705882352,0.6169565217391304,1.0,0.0,1,0,1,677,10,0.0,0.985443959243086,0.0,0.9985250737463128,0.0,1.001477104874446,0.0,0.975,0.9733942725307592,0.9929983268406236,0.0,0.3084971078187629,0.9918098889348635,0.999962658797518,0.0,,0.9985840818291172,1.004378509369563,Uncertain,-0.0631706047425808,0.132,,3) Uncertain significance,ALL
fbiC_p.Thr560Ala,1,missense_variant,1304608,0.9908551133467304,0.987,0.1805294117647058,1.0,0.0,1,0,1,677,10,0.0,0.985443959243086,0.0,0.9985250737463128,0.0,1.001477104874446,0.0,0.975,0.9733942725307592,0.9929983268406236,0.0,0.3084971078187629,0.9918098889348635,0.999962658797518,0.0,,0.9985840818291172,1.004378509369563,Uncertain,-0.0040132284140013,0.5808673469387754,4.3.3,3) Uncertain significance,ALL
fbiB_p.Ala328Val,1,missense_variant,3642517,0.9907537764038362,0.8303225806451613,0.672375,1.0,0.0,1,0,1,677,10,0.0,0.985443959243086,0.0,0.9985250737463128,0.0,1.001477104874446,0.0,0.975,0.9733942725307592,0.9929983268406236,0.0,0.3084971078187629,0.9918098889348635,0.999962658797518,0.0,,0.9985840818291172,1.004378509369563,Uncertain,-0.0561934672215792,0.1504799999999999,BOV_AFRI,3) Uncertain significance,ALL
fbiC_p.Cys59Tyr,1,missense_variant,1303106,0.9905426620420164,0.987,0.21175,1.0,0.0,1,0,1,677,10,0.0,0.985443959243086,0.0,0.9985250737463128,0.0,1.001477104874446,0.0,0.975,0.9733942725307592,0.9929983268406236,0.0,0.3084971078187629,0.9918098889348635,0.999962658797518,0.0,,0.9985840818291172,1.004378509369563,Uncertain,0.0239158960983774,0.4212765957446808,4.8,3) Uncertain significance,ALL
Rv2983_p.Asp90Asn,1,missense_variant,3339385,0.989244511990884,0.987,0.2767959183673469,1.0,0.0,2,0,2,676,10,0.0,0.9854227405247812,0.0,0.9970501474926252,0.0,1.002958579881657,0.0,0.841886116991607,0.9733557269705788,0.9929880887688411,0.0,0.3084971078187629,0.9893850968183528,0.9996425593217516,0.0,,0.9988606064443256,1.007073365861384,Uncertain,0.0218456202078931,0.5031147540983607,4.9,3) Uncertain significance,ALL
ddn_p.Arg23Trp,1,missense_variant,3986910,0.9890592429254748,0.987,0.21175,1.0,0.0,1,0,1,677,10,0.0,0.985443959243086,0.0,0.9985250737463128,0.0,1.001477104874446,0.0,0.975,0.9733942725307592,0.9929983268406236,0.0,0.3084971078187629,0.9918098889348635,0.999962658797518,0.0,,0.9985840818291172,1.004378509369563,Uncertain,-0.0013404708451044,0.5808673469387754,4.3.2,3) Uncertain significance,ALL
fbiB_p.Ala164Thr,1,missense_variant,3642024,0.9889888971192238,0.987,0.21175,1.0,0.02837565646238718,1,0,1,677,10,0.0,0.985443959243086,0.0,0.9985250737463128,0.0,1.001477104874446,0.0,0.975,0.9733942725307592,0.9929983268406236,0.0,0.3084971078187629,0.9918098889348635,0.999962658797518,0.0,,0.9985840818291172,1.004378509369563,Uncertain,-0.0058023088053697,0.5679473684210526,2.2.1,3) Uncertain significance,ALL
fgd1_p.Met93Thr,1,missense_variant,491060,0.9881852351189928,0.987,0.1805294117647058,1.0,0.02837565646238718,1,0,1,677,10,0.0,0.985443959243086,0.0,0.9985250737463128,0.0,1.001477104874446,0.0,0.975,0.9733942725307592,0.9929983268406236,0.0,0.3084971078187629,0.9918098889348635,0.999962658797518,0.0,,0.9985840818291172,1.004378509369563,Uncertain,0.0303230991943952,0.3890930232558139,1.2.2,3) Uncertain significance,ALL
fbiC_c.-32A>G,1,upstream_gene_variant,1302899,0.9871241064284948,0.8303225806451613,0.6428028169014085,1.0,0.0,2,0,2,676,10,0.0,0.9854227405247812,0.0,0.9970501474926252,0.0,1.002958579881657,0.0,0.841886116991607,0.9733557269705788,0.9929880887688411,0.0,0.3084971078187629,0.9893850968183528,0.9996425593217516,0.0,,0.9988606064443256,1.007073365861384,Uncertain,-0.0844647303824001,0.0304615384615384,BOV_AFRI,3) Uncertain significance,ALL
fbiB_p.Asp66Glu,1,missense_variant,3641732,0.9867673300932268,0.987,0.231,1.0,0.05524221239630967,2,0,2,676,10,0.0,0.9854227405247812,0.0,0.9970501474926252,0.0,1.002958579881657,0.0,0.841886116991607,0.9733557269705788,0.9929880887688411,0.0,0.3084971078187629,0.9893850968183528,0.9996425593217516,0.0,,0.9988606064443256,1.007073365861384,Uncertain,0.0068515200626379,0.5169999999999999,4.3.4.2.1,3) Uncertain significance,ALL
fbiC_p.Ala855fs,1,frameshift,1305494,0.9867030714906888,0.987,0.21175,1.0,0.0,1,0,1,677,10,0.0,0.985443959243086,0.0,0.9985250737463128,0.0,1.001477104874446,0.0,0.975,0.9733942725307592,0.9929983268406236,0.0,0.3084971078187629,0.9918098889348635,0.999962658797518,0.0,,0.9985840818291172,1.004378509369563,Uncertain,-0.0031126091260797,0.5679473684210526,3.1.2.1,3) Uncertain significance,ALL
fbiA_p.Thr302Met,1,missense_variant,3641447,0.9843697598545332,0.987,0.21175,1.0,0.0,5,0,5,673,10,0.0,0.985358711566618,0.0,0.9926253687315634,0.0,1.007429420505201,0.0,0.5218237501049814,0.9732394172643172,0.9929571941151714,0.0,0.3084971078187629,0.98287456637437,0.997601267803604,0.0,,1.000914377982735,1.013986870030706,Uncertain,-0.0556921275107428,0.1686666666666667,4.1.1.1,3) Uncertain significance,ALL
fbiC_c.-113G>C,1,upstream_gene_variant,1302818,0.9843151748023672,0.987,0.251625,1.0,0.0,2,0,2,676,10,0.0,0.9854227405247812,0.0,0.9970501474926252,0.0,1.002958579881657,0.0,0.841886116991607,0.9733557269705788,0.9929880887688411,0.0,0.3084971078187629,0.9893850968183528,0.9996425593217516,0.0,,0.9988606064443256,1.007073365861384,Uncertain,0.0041017589003147,0.5169999999999999,2.2.1.1,3) Uncertain significance,ALL
fbiC_c.-14_-13insA,1,upstream_gene_variant,1302917,0.984149481182248,0.95568,0.385,1.0,0.05524221239630967,5,0,5,673,10,0.0,0.985358711566618,0.0,0.9926253687315634,0.0,1.007429420505201,0.0,0.5218237501049814,0.9732394172643172,0.9929571941151714,0.0,0.3084971078187629,0.98287456637437,0.997601267803604,0.0,,1.000914377982735,1.013986870030706,Uncertain,0.0777672052977846,0.2522903225806451,2.2.1,3) Uncertain significance,ALL
fbiA_p.Gly264Arg,1,missense_variant,3641332,0.9831087341821062,0.987,0.21175,1.0,0.06481741272982336,1,0,1,677,10,0.0,0.985443959243086,0.0,0.9985250737463128,0.0,1.001477104874446,0.0,0.975,0.9733942725307592,0.9929983268406236,0.0,0.3084971078187629,0.9918098889348635,0.999962658797518,0.0,,0.9985840818291172,1.004378509369563,Uncertain,-0.023972661319447,0.4333584905660377,2.2.1,3) Uncertain significance,ALL
fgd1_p.Lys183Met,1,missense_variant,491330;491328,0.9828242917909312,0.987,0.1805294117647058,1.0,0.01379828641208602,2,0,2,676,10,0.0,0.9854227405247812,0.0,0.9970501474926252,0.0,1.002958579881657,0.0,0.841886116991607,0.9733557269705788,0.9929880887688411,0.0,0.3084971078187629,0.9893850968183528,0.9996425593217516,0.0,,0.9988606064443256,1.007073365861384,Uncertain,0.0135585058634548,0.5031147540983607,2.2.1,3) Uncertain significance,ALL
fbiC_p.Val41Met,1,missense_variant,1303051,0.9821020329267952,0.987,0.21175,1.0,0.0,2,0,2,676,10,0.0,0.9854227405247812,0.0,0.9970501474926252,0.0,1.002958579881657,0.0,0.841886116991607,0.9733557269705788,0.9929880887688411,0.0,0.3084971078187629,0.9893850968183528,0.9996425593217516,0.0,,0.9988606064443256,1.007073365861384,Uncertain,0.0140380184461251,0.5031147540983607,1.1.2,3) Uncertain significance,ALL
Rv2983_p.Arg57Leu,1,missense_variant,3339287,0.9789216182482556,0.987,0.1805294117647058,1.0,0.0,4,0,4,674,10,0.0,0.9853801169590644,0.0,0.9941002949852508,0.0,1.00593471810089,0.0,0.6023646356164858,0.97327829982627,0.992967522538428,0.0,0.3084971078187629,0.9849638205902412,0.9983902590554394,0.0,,1.000118448650358,1.01178481253522,Uncertain,0.0148459039830998,0.5169999999999999,4.4.1.1,3) Uncertain significance,ALL
fbiC_p.Trp678Gly,1,missense_variant,1304962,0.9763886805680676,0.987,0.1805294117647058,1.0,0.0,9,0,9,669,10,0.0,0.9852724594992636,0.0,0.986725663716814,0.0,1.013452914798206,0.0,0.3362671168799429,0.9730827488763306,0.9929155752447208,0.0,0.3084971078187629,0.9749512780479668,0.9939126454327634,0.0,,1.004643428565684,1.022339649381213,Uncertain,0.076027607465902,0.2184827586206896,4.3.3,3) Uncertain significance,ALL
fbiA_p.Ile208Val,1,missense_variant,3641164,0.9707711266925484,0.8923561643835617,0.5014918032786886,1.0,0.0,4,0,4,674,10,0.0,0.9853801169590644,0.0,0.9941002949852508,0.0,1.00593471810089,0.0,0.6023646356164858,0.97327829982627,0.992967522538428,0.0,0.3084971078187629,0.9849638205902412,0.9983902590554394,0.0,,1.000118448650358,1.01178481253522,Uncertain,-0.0119503089554079,0.5169999999999999,4.1.2,3) Uncertain significance,ALL
fgd1_p.Lys270Met,1,missense_variant,491591,0.9401563410866092,0.8923561643835617,0.231,1.0,0.0,33,0,33,645,10,0.0,0.9847328244274808,0.0,0.9513274336283186,0.0,1.051162790697674,0.0,0.1057628100745792,0.9721028149196927,0.9926551525896558,0.0,0.3084971078187629,0.9323217678582012,0.9662625978470046,0.0,,1.033417282062837,1.069213019489775,Uncertain,-0.0484120171153961,0.2050714285714286,,3) Uncertain significance,ALL
fbiC_p.Ala505Thr,1,missense_variant,1304443,0.9144659583967566,0.8302105263157894,0.8597368421052632,1.0,0.78615667280926,1,0,1,677,10,0.0,0.985443959243086,0.0,0.9985250737463128,0.0,1.001477104874446,0.0,0.975,0.9733942725307592,0.9929983268406236,0.0,0.3084971078187629,0.9918098889348635,0.999962658797518,0.0,,0.9985840818291172,1.004378509369563,Uncertain,0.0067420424399376,0.5169999999999999,2.1,3) Uncertain significance,ALL
fgd1_p.Ala35Val,1,missense_variant,490886,0.8967866754901264,0.655448275862069,0.9469058823529412,1.0,0.78615667280926,1,0,1,677,10,0.0,0.985443959243086,0.0,0.9985250737463128,0.0,1.001477104874446,0.0,0.975,0.9733942725307592,0.9929983268406236,0.0,0.3084971078187629,0.9918098889348635,0.999962658797518,0.0,,0.9985840818291172,1.004378509369563,Uncertain,0.0218440892645714,0.4333584905660377,1.2.1,3) Uncertain significance,ALL
fbiA_p.Pro75Thr,1,missense_variant,3640765,0.8850349636885324,0.655448275862069,0.9469058823529412,1.0,0.9235562521537302,1,0,1,677,10,0.0,0.985443959243086,0.0,0.9985250737463128,0.0,1.001477104874446,0.0,0.975,0.9733942725307592,0.9929983268406236,0.0,0.3084971078187629,0.9918098889348635,0.999962658797518,0.0,,0.9985840818291172,1.004378509369563,Uncertain,-0.0120338549851953,0.5169999999999999,1.2.1,3) Uncertain significance,ALL
fbiA_p.Ala178Thr,1,missense_variant,3641074,0.8769446933535209,0.655448275862069,0.9469058823529412,0.9605615640681635,0.9723810272357801,1,0,1,677,10,0.0,0.985443959243086,0.0,0.9985250737463128,0.0,1.001477104874446,0.0,0.975,0.9733942725307592,0.9929983268406236,0.0,0.3084971078187629,0.9918098889348635,0.999962658797518,0.0,,0.9985840818291172,1.004378509369563,Uncertain,0.0210984785689725,0.4333584905660377,1.2.1,3) Uncertain significance,ALL
ddn_p.Pro2Arg,1,missense_variant,3986848,0.8762667899083194,0.655448275862069,0.9796395348837208,0.9605615640681635,0.9723810272357801,1,0,1,677,10,0.0,0.985443959243086,0.0,0.9985250737463128,0.0,1.001477104874446,0.0,0.975,0.9733942725307592,0.9929983268406236,0.0,0.3084971078187629,0.9918098889348635,0.999962658797518,0.0,,0.9985840818291172,1.004378509369563,Uncertain,0.0545171882110399,0.2737058823529412,1.2.1,3) Uncertain significance,ALL
fbiC_c.-110G>A,1,upstream_gene_variant,1302821,0.8417634972695055,0.655448275862069,0.9469058823529412,0.8459705051282885,1.0,2,0,2,676,10,0.0,0.9854227405247812,0.0,0.9970501474926252,0.0,1.002958579881657,0.0,0.841886116991607,0.9733557269705788,0.9929880887688411,0.0,0.3084971078187629,0.9893850968183528,0.9996425593217516,0.0,,0.9988606064443256,1.007073365861384,Uncertain,-0.065504738857137,0.1523076923076922,1.2.1,3) Uncertain significance,ALL
fbiA_p.Val188Phe,1,missense_variant,3641104,0.8281072344750853,0.655448275862069,0.9469058823529412,0.8825703178843267,0.9985580346886996,3,0,3,675,10,0.0,0.9854014598540146,0.0,0.995575221238938,0.0,1.004444444444444,0.0,0.7075982261787133,0.9733170695649136,0.9929778207120846,0.0,0.3084971078187629,0.9871238146485078,0.9990865730527776,0.0,,0.9994166364003771,1.009497546097611,Uncertain,-0.0006194490411426,0.5679473684210526,1.2.1,3) Uncertain significance,ALL
ddn_lof,1,lof,,2.313605999316581,0.0,1.0,6.245857552278018e-77,1.0,5,5,0,678,5,1.0,0.9926793557833088,0.5,1.0,inf,0.5,0.4781762498950185,1.0,0.9829993225301684,0.9976188587524678,0.1870860284474045,0.8129139715525955,0.9945739493283464,1.0,,inf,0.2690273550635447,0.9292735303476836,Assoc w R - strict,0.5868594790300592,0.0,,3) Uncertain significance,ALL
fgd1_lof,1,lof,,1.462627461763043,0.0,1.0,1.294110061596742e-18,1.0,1,1,0,678,9,1.0,0.9868995633187772,0.1,1.0,inf,0.9,0.025,1.0,0.9752774883352546,0.9939926196741584,0.0025285785444625,0.4450161170281954,0.9945739493283464,1.0,,inf,0.7320116427439927,1.106539777104723,Uncertain,0.2342791999247087,0.192,2.2.1,3) Uncertain significance,ALL
fbiC_lof,1,lof,,0.986707253388984,0.982,0.2264615384615384,1.0,0.0403044374891597,1,0,1,677,10,0.0,0.985443959243086,0.0,0.9985250737463128,0.0,1.001477104874446,0.0,0.975,0.9733942725307592,0.9929983268406236,0.0,0.3084971078187629,0.9918098889348635,0.999962658797518,0.0,,0.9985840818291172,1.004378509369563,Uncertain,0.0086175325378658,0.5085714285714286,3.1.2.1,3) Uncertain significance,ALL
fbiA_c.15T>C,1,synonymous_variant,3640557,1.209820066509041,0.0202962962962962,1.0,1.0,0.744155247765412,27,1,26,650,9,0.037037037037037,0.9863429438543247,0.1,0.9615384615384616,2.600000000000002,0.936,0.0009372570919588,0.1897056174130445,0.974233532548463,0.9937366160105404,0.0025285785444625,0.4450161170281954,0.9441507534750828,0.9747245620085364,0.3899676768154455,17.33477003838761,0.7608739820142111,1.151433773146992,Uncertain,0.0923238387791438,0.00548,1.2.1,3) Uncertain significance,ALL
Rv2983_c.300A>G,1,synonymous_variant,3339417,1.209820066509041,0.0202962962962962,1.0,1.0,0.744155247765412,27,1,26,650,9,0.037037037037037,0.9863429438543247,0.1,0.9615384615384616,2.600000000000002,0.936,0.0009372570919588,0.1897056174130445,0.974233532548463,0.9937366160105404,0.0025285785444625,0.4450161170281954,0.9441507534750828,0.9747245620085364,0.3899676768154455,17.33477003838761,0.7608739820142111,1.151433773146992,Uncertain,0.092323838779143,0.00548,1.2.1,3) Uncertain significance,ALL
fgd1_c.960T>C,1,synonymous_variant,491736;491742;491739,1.123459404605701,0.7425400000000001,0.911469387755102,1.0,0.5816598230788503,355,8,347,329,2,0.0225352112676056,0.9939577039274924,0.8,0.4866863905325443,1.55850144092219,0.4109422492401215,0.0097781494397048,0.0439188664079411,0.978344735292572,0.9992674104473236,0.4439045376923585,0.9747892736731664,0.4483973590683266,0.5250921140941887,1.133435045250683,2.142978330813245,0.1186819745371706,1.422908009991355,Uncertain,0.1731400145035631,0.0,,5) Not assoc w R,ALL
ddn_c.225C>T,1,synonymous_variant,3987068,1.113141920967611,0.0685,1.0,1.0,0.6562682228005366,2,1,1,675,9,0.5,0.986842105263158,0.1,0.9985207100591716,67.6000000000022,0.9013333333333332,0.0125791170936789,0.987420882906321,0.9751696997152396,0.9939661961074436,0.0025285785444625,0.4450161170281954,0.9917857397309688,0.9999625483226564,4.540494754652108,1006.445386886133,0.7330811687928693,1.10820167310466,Uncertain,0.0467730651309561,0.3298148148148148,4.3.4.2.1,3) Uncertain significance,ALL
fbiA_c.363C>T,1,synonymous_variant,3640905,1.053509084187842,0.1546774193548387,1.0,1.0,0.2701082694981828,3,1,2,674,9,0.3333333333333333,0.986822840409956,0.1,0.9970414201183432,33.79999999999983,0.9026706231454006,0.0084037586596126,0.9057006759492866,0.9751335610100405,0.9939573365203138,0.0025285785444625,0.4450161170281954,0.9893538131411568,0.9996415012112828,3.32884589722183,343.1940183693813,0.7341538259117609,1.109868565865976,Uncertain,0.009786096523929,0.4781826923076923,4.4.1.1,3) Uncertain significance,ALL
fbiC_c.1155C>T,1,synonymous_variant,1304079;1304085,1.053509084187842,0.1546774193548387,1.0,1.0,0.2701082694981828,3,1,2,674,9,0.3333333333333333,0.986822840409956,0.1,0.9970414201183432,33.79999999999983,0.9026706231454006,0.0084037586596126,0.9057006759492866,0.9751335610100405,0.9939573365203138,0.0025285785444625,0.4450161170281954,0.9893538131411568,0.9996415012112828,3.32884589722183,343.1940183693813,0.7341538259117609,1.109868565865976,Uncertain,0.0097860965239287,0.4781826923076923,4.4.1.1,3) Uncertain significance,ALL
Rv2983_c.451C>T,1,synonymous_variant,3339568,1.019906050471359,0.0202962962962962,1.0,1.0,0.0,2,1,1,675,9,0.5,0.986842105263158,0.1,0.9985207100591716,67.6000000000022,0.9013333333333332,0.0125791170936789,0.987420882906321,0.9751696997152396,0.9939661961074436,0.0025285785444625,0.4450161170281954,0.9917857397309688,0.9999625483226564,4.540494754652108,1006.445386886133,0.7330811687928693,1.10820167310466,Uncertain,0.0146940815165539,0.00548,,3) Uncertain significance,ALL
fbiC_c.1668C>T,1,synonymous_variant,1304598,1.019906050471359,0.0202962962962962,1.0,1.0,0.0,2,1,1,675,9,0.5,0.986842105263158,0.1,0.9985207100591716,67.6000000000022,0.9013333333333332,0.0125791170936789,0.987420882906321,0.9751696997152396,0.9939661961074436,0.0025285785444625,0.4450161170281954,0.9917857397309688,0.9999625483226564,4.540494754652108,1006.445386886133,0.7330811687928693,1.10820167310466,Uncertain,0.0146940815165539,0.00548,,3) Uncertain significance,ALL
ddn_c.207C>T,1,synonymous_variant,3987050,1.019906050471359,0.0202962962962962,1.0,1.0,0.0,2,1,1,675,9,0.5,0.986842105263158,0.1,0.9985207100591716,67.6000000000022,0.9013333333333332,0.0125791170936789,0.987420882906321,0.9751696997152396,0.9939661961074436,0.0025285785444625,0.4450161170281954,0.9917857397309688,0.9999625483226564,4.540494754652108,1006.445386886133,0.7330811687928693,1.10820167310466,Uncertain,0.0146940815165538,0.00548,,3) Uncertain significance,ALL
fbiC_c.765T>C,1,synonymous_variant,1303695;1303692;1303689,1.019906050471359,0.0202962962962962,1.0,1.0,0.0,2,1,1,675,9,0.5,0.986842105263158,0.1,0.9985207100591716,67.6000000000022,0.9013333333333332,0.0125791170936789,0.987420882906321,0.9751696997152396,0.9939661961074436,0.0025285785444625,0.4450161170281954,0.9917857397309688,0.9999625483226564,4.540494754652108,1006.445386886133,0.7330811687928693,1.10820167310466,Uncertain,0.0146940815165539,0.00548,,3) Uncertain significance,ALL
ddn_c.67C>A,1,synonymous_variant,3986910,1.019906050471359,0.0202962962962962,1.0,1.0,0.0,2,1,1,675,9,0.5,0.986842105263158,0.1,0.9985207100591716,67.6000000000022,0.9013333333333332,0.0125791170936789,0.987420882906321,0.9751696997152396,0.9939661961074436,0.0025285785444625,0.4450161170281954,0.9917857397309688,0.9999625483226564,4.540494754652108,1006.445386886133,0.7330811687928693,1.10820167310466,Uncertain,0.0146940815165542,0.00548,,3) Uncertain significance,ALL
Rv2983_c.285C>T,1,synonymous_variant,3339402,1.019906050471359,0.0202962962962962,1.0,1.0,0.0,2,1,1,675,9,0.5,0.986842105263158,0.1,0.9985207100591716,67.6000000000022,0.9013333333333332,0.0125791170936789,0.987420882906321,0.9751696997152396,0.9939661961074436,0.0025285785444625,0.4450161170281954,0.9917857397309688,0.9999625483226564,4.540494754652108,1006.445386886133,0.7330811687928693,1.10820167310466,Uncertain,0.014694081516554,0.00548,,3) Uncertain significance,ALL
fgd1_c.399T>C,1,synonymous_variant,491181;491178;491175,1.019906050471359,0.0202962962962962,1.0,1.0,0.0,2,1,1,675,9,0.5,0.986842105263158,0.1,0.9985207100591716,67.6000000000022,0.9013333333333332,0.0125791170936789,0.987420882906321,0.9751696997152396,0.9939661961074436,0.0025285785444625,0.4450161170281954,0.9917857397309688,0.9999625483226564,4.540494754652108,1006.445386886133,0.7330811687928693,1.10820167310466,Uncertain,0.0146940815165537,0.00548,,3) Uncertain significance,ALL
ddn_c.444T>C,1,synonymous_variant,3987287,1.019906050471359,0.0202962962962962,1.0,1.0,0.0,2,1,1,675,9,0.5,0.986842105263158,0.1,0.9985207100591716,67.6000000000022,0.9013333333333332,0.0125791170936789,0.987420882906321,0.9751696997152396,0.9939661961074436,0.0025285785444625,0.4450161170281954,0.9917857397309688,0.9999625483226564,4.540494754652108,1006.445386886133,0.7330811687928693,1.10820167310466,Uncertain,0.0146940815165541,0.00548,,3) Uncertain significance,ALL
fbiB_c.306T>C,1,synonymous_variant,3641840,1.019906050471359,0.0202962962962962,1.0,1.0,0.0,2,1,1,675,9,0.5,0.986842105263158,0.1,0.9985207100591716,67.6000000000022,0.9013333333333332,0.0125791170936789,0.987420882906321,0.9751696997152396,0.9939661961074436,0.0025285785444625,0.4450161170281954,0.9917857397309688,0.9999625483226564,4.540494754652108,1006.445386886133,0.7330811687928693,1.10820167310466,Uncertain,0.0146940815165537,0.00548,,3) Uncertain significance,ALL
fbiB_c.720G>A,1,synonymous_variant,3642254,1.019906050471359,0.0202962962962962,1.0,1.0,0.0,2,1,1,675,9,0.5,0.986842105263158,0.1,0.9985207100591716,67.6000000000022,0.9013333333333332,0.0125791170936789,0.987420882906321,0.9751696997152396,0.9939661961074436,0.0025285785444625,0.4450161170281954,0.9917857397309688,0.9999625483226564,4.540494754652108,1006.445386886133,0.7330811687928693,1.10820167310466,Uncertain,0.014694081516554,0.00548,,3) Uncertain significance,ALL
fbiB_c.933T>C,1,synonymous_variant,3642467;3642464,1.019906050471359,0.0202962962962962,1.0,1.0,0.0,2,1,1,675,9,0.5,0.986842105263158,0.1,0.9985207100591716,67.6000000000022,0.9013333333333332,0.0125791170936789,0.987420882906321,0.9751696997152396,0.9939661961074436,0.0025285785444625,0.4450161170281954,0.9917857397309688,0.9999625483226564,4.540494754652108,1006.445386886133,0.7330811687928693,1.10820167310466,Uncertain,0.014694081516554,0.00548,,3) Uncertain significance,ALL
fgd1_c.414A>G,1,synonymous_variant,491196,1.019906050471359,0.0202962962962962,1.0,1.0,0.0,2,1,1,675,9,0.5,0.986842105263158,0.1,0.9985207100591716,67.6000000000022,0.9013333333333332,0.0125791170936789,0.987420882906321,0.9751696997152396,0.9939661961074436,0.0025285785444625,0.4450161170281954,0.9917857397309688,0.9999625483226564,4.540494754652108,1006.445386886133,0.7330811687928693,1.10820167310466,Uncertain,0.0146940815165537,0.00548,,3) Uncertain significance,ALL
fgd1_c.528C>T,1,synonymous_variant,491310;491307,1.012807053899817,0.1086551724137931,0.7586559139784947,1.0,0.0,3,1,2,674,9,0.3333333333333333,0.986822840409956,0.1,0.9970414201183432,33.79999999999983,0.9026706231454006,0.0084037586596126,0.9057006759492866,0.9751335610100405,0.9939573365203138,0.0025285785444625,0.4450161170281954,0.9893538131411568,0.9996415012112828,3.32884589722183,343.1940183693813,0.7341538259117609,1.109868565865976,Uncertain,-0.0235916690835317,0.4795,4.9,3) Uncertain significance,ALL
fbiB_c.273C>G,1,synonymous_variant,3641807,0.9957558261340288,0.991,0.0,1.0,0.0,1,0,1,675,10,0.0,0.9854014598540146,0.0,0.9985207100591716,0.0,1.001481481481481,0.0,0.975,0.9733170695649136,0.9929778207120846,0.0,0.3084971078187629,0.9917857397309688,0.9999625483226564,0.0,,0.9985798925963704,1.004391501557848,Uncertain,-0.0102333441793756,0.5257235772357723,4.1.1.3,3) Uncertain significance,ALL
fbiA_c.756G>A,1,synonymous_variant,3641292;3641298,0.9957458597069904,0.991,0.0,1.0,0.0,1,0,1,675,10,0.0,0.9854014598540146,0.0,0.9985207100591716,0.0,1.001481481481481,0.0,0.975,0.9733170695649136,0.9929778207120846,0.0,0.3084971078187629,0.9917857397309688,0.9999625483226564,0.0,,0.9985798925963704,1.004391501557848,Uncertain,-0.0102790841788666,0.522172131147541,4.1.1.3,3) Uncertain significance,ALL
fgd1_c.66A>G,1,synonymous_variant,490848,0.995713463564408,0.991,0.030825,1.0,0.0,1,0,1,675,10,0.0,0.9854014598540146,0.0,0.9985207100591716,0.0,1.001481481481481,0.0,0.975,0.9733170695649136,0.9929778207120846,0.0,0.3084971078187629,0.9917857397309688,0.9999625483226564,0.0,,0.9985798925963704,1.004391501557848,Uncertain,0.0015810516668402,0.500716814159292,1.1.3,3) Uncertain significance,ALL
fbiB_c.411C>A,1,synonymous_variant,3641945,0.9955547020004388,0.991,0.0,1.0,0.0,1,0,1,675,10,0.0,0.9854014598540146,0.0,0.9985207100591716,0.0,1.001481481481481,0.0,0.975,0.9733170695649136,0.9929778207120846,0.0,0.3084971078187629,0.9917857397309688,0.9999625483226564,0.0,,0.9985798925963704,1.004391501557848,Uncertain,-0.0264347331630287,0.47128,4.1.1.1,3) Uncertain significance,ALL
fgd1_c.286C>T,1,synonymous_variant,491068,0.9946944456673548,0.991,0.0,1.0,0.0,1,0,1,675,10,0.0,0.9854014598540146,0.0,0.9985207100591716,0.0,1.001481481481481,0.0,0.975,0.9733170695649136,0.9929778207120846,0.0,0.3084971078187629,0.9917857397309688,0.9999625483226564,0.0,,0.9985798925963704,1.004391501557848,Uncertain,0.0419537995419471,0.3256981132075471,4.3.4.2.1,3) Uncertain significance,ALL
ddn_c.168C>T,1,synonymous_variant,3987011,0.994511948789644,0.991,0.0754897959183673,1.0,0.0,1,0,1,675,10,0.0,0.9854014598540146,0.0,0.9985207100591716,0.0,1.001481481481481,0.0,0.975,0.9733170695649136,0.9929778207120846,0.0,0.3084971078187629,0.9917857397309688,0.9999625483226564,0.0,,0.9985798925963704,1.004391501557848,Uncertain,0.0129746067480077,0.4781826923076923,4.6.2.2,3) Uncertain significance,ALL
Rv2983_c.513C>T,1,synonymous_variant,3339630,0.9938493881271996,0.991,0.0,1.0,0.0,1,0,1,675,10,0.0,0.9854014598540146,0.0,0.9985207100591716,0.0,1.001481481481481,0.0,0.975,0.9733170695649136,0.9929778207120846,0.0,0.3084971078187629,0.9917857397309688,0.9999625483226564,0.0,,0.9985798925963704,1.004391501557848,Uncertain,0.0164008677858958,0.4781826923076923,2.2.1,3) Uncertain significance,ALL
fbiB_c.700C>A,1,synonymous_variant,3642234,0.9938353764799012,0.991,0.1328484848484848,1.0,0.0,1,0,1,675,10,0.0,0.9854014598540146,0.0,0.9985207100591716,0.0,1.001481481481481,0.0,0.975,0.9733170695649136,0.9929778207120846,0.0,0.3084971078187629,0.9917857397309688,0.9999625483226564,0.0,,0.9985798925963704,1.004391501557848,Uncertain,-0.0333819797716866,0.1189736842105263,BOV_AFRI,3) Uncertain significance,ALL
fbiA_c.792G>T,1,synonymous_variant,3641334,0.993777978267646,0.991,0.0,1.0,0.0,2,0,2,674,10,0.0,0.9853801169590644,0.0,0.9970414201183432,0.0,1.002967359050445,0.0,0.841886116991607,0.97327829982627,0.992967522538428,0.0,0.3084971078187629,0.9893538131411568,0.9996415012112828,0.0,,0.998857232379353,1.007094398189811,Uncertain,-0.0144857573609488,0.4858425925925926,4.1.1.3,3) Uncertain significance,ALL
fbiB_c.276G>C,1,synonymous_variant,3641810;3641807,0.9937653870579136,0.991,0.0044193548387096,1.0,0.0,1,0,1,675,10,0.0,0.9854014598540146,0.0,0.9985207100591716,0.0,1.001481481481481,0.0,0.975,0.9733170695649136,0.9929778207120846,0.0,0.3084971078187629,0.9917857397309688,0.9999625483226564,0.0,,0.9985798925963704,1.004391501557848,Uncertain,-0.0284023248217921,0.3966865671641791,2.2.1,3) Uncertain significance,ALL
fbiA_c.579C>A,1,synonymous_variant,3641121,0.993691328516264,0.991,0.0,1.0,0.0,1,0,1,675,10,0.0,0.9854014598540146,0.0,0.9985207100591716,0.0,1.001481481481481,0.0,0.975,0.9733170695649136,0.9929778207120846,0.0,0.3084971078187629,0.9917857397309688,0.9999625483226564,0.0,,0.9985798925963704,1.004391501557848,Uncertain,-0.0086783472912986,0.530875,1.1.2,3) Uncertain significance,ALL
fbiB_c.639G>A,1,synonymous_variant,3642173,0.9932116042827828,0.991,0.0358809523809523,1.0,0.0,2,0,2,674,10,0.0,0.9853801169590644,0.0,0.9970414201183432,0.0,1.002967359050445,0.0,0.841886116991607,0.97327829982627,0.992967522538428,0.0,0.3084971078187629,0.9893538131411568,0.9996415012112828,0.0,,0.998857232379353,1.007094398189811,Uncertain,0.0183061111977539,0.4781826923076923,1.1.3,3) Uncertain significance,ALL
fbiB_c.654T>C,1,synonymous_variant,3642188,0.9907749816574992,0.991,0.0699574468085106,1.0,0.0,2,0,2,674,10,0.0,0.9853801169590644,0.0,0.9970414201183432,0.0,1.002967359050445,0.0,0.841886116991607,0.97327829982627,0.992967522538428,0.0,0.3084971078187629,0.9893538131411568,0.9996415012112828,0.0,,0.998857232379353,1.007094398189811,Uncertain,0.0142286104318258,0.4781826923076923,4.1.1,3) Uncertain significance,ALL
fbiA_c.337C>T,1,synonymous_variant,3640878;3640879,0.9905067077925492,0.991,0.0152222222222222,1.0,0.0,5,0,5,671,10,0.0,0.9853157121879588,0.0,0.992603550295858,0.0,1.007451564828614,0.0,0.5218237501049814,0.9731613116948498,0.9929364459851524,0.0,0.3084971078187629,0.9828241497319992,0.9975941584333352,0.0,,1.000917094466028,1.014028695370705,Uncertain,0.0426515744607534,0.2210681818181818,2.2.1,3) Uncertain significance,ALL
Rv2983_c.216G>A,1,synonymous_variant,3339333,0.9901932642858112,0.991,0.0,1.0,0.0,2,0,2,674,10,0.0,0.9853801169590644,0.0,0.9970414201183432,0.0,1.002967359050445,0.0,0.841886116991607,0.97327829982627,0.992967522538428,0.0,0.3084971078187629,0.9893538131411568,0.9996415012112828,0.0,,0.998857232379353,1.007094398189811,Uncertain,-0.0361353566941845,0.3966865671641791,2.2.1,3) Uncertain significance,ALL
Rv2983_c.624G>A,1,synonymous_variant,3339741,0.9889142427866784,0.991,0.0,1.0,0.0,3,0,3,673,10,0.0,0.985358711566618,0.0,0.9955621301775148,0.0,1.00445765230312,0.0,0.7075982261787133,0.9732394172643172,0.9929571941151714,0.0,0.3084971078187629,0.9870858820169262,0.9990838678381112,0.0,,0.9994149071102928,1.009525841662229,Uncertain,-0.0095200078056321,0.5146134453781512,1.1.2,3) Uncertain significance,ALL
fgd1_c.465C>T,1,synonymous_variant,491247,0.9868939537474446,0.991,0.0,1.0,0.0,8,0,8,668,10,0.0,0.9852507374631267,0.0,0.9881656804733728,0.0,1.011976047904191,0.0,0.3694166475528192,0.9730432947421096,0.992905093554996,0.0,0.3084971078187629,0.9768154172240072,0.9948773147566208,0.0,,1.003662017696432,1.020358949003822,Neutral,-0.0638117584390594,0.2361063829787233,4.2.1,3) Uncertain significance,ALL
fbiB_c.564G>A,1,synonymous_variant,3642098,0.986819665564022,0.991,0.0,1.0,0.0,4,0,4,672,10,0.0,0.9853372434017597,0.0,0.9940828402366864,0.0,1.005952380952381,0.0,0.6023646356164858,0.9732004213858664,0.9929468353088348,0.0,0.3084971078187629,0.9849195404493924,0.9983854897562616,0.0,,1.000118800102535,1.011819988425393,Uncertain,0.0087846027600392,0.4889266055045871,3,3) Uncertain significance,ALL
fbiC_c.165G>A,1,synonymous_variant,1303095,0.9835636069340188,0.991,0.0044193548387096,1.0,0.0,15,0,15,661,10,0.0,0.985096870342772,0.0,0.977810650887574,0.0,1.022692889561271,0.0,0.2180193609108388,0.9727638438578248,0.9928308441818066,0.0,0.3084971078187629,0.963665809236976,0.9875288611173508,0.0,,1.011145034580071,1.034372627655284,Neutral,0.0330074783931863,0.4732727272727273,4.3.3,3) Uncertain significance,ALL
