mutation,predicted_effect,WHO_Odds_Ratio,WHO_BH_pval,WHO_BH_neutral_pval,WHO_BH_LRT_pval,WHO_BH_LRT_neutral_pval,WHO_Num_Isolates,WHO_Present_R,WHO_Present_S,WHO_Absent_S,WHO_Absent_R,WHO_PPV,WHO_NPV,WHO_Sens,WHO_Spec,WHO_PPV_LB,WHO_PPV_UB,WHO_NPV_LB,WHO_NPV_UB,WHO_Sens_LB,WHO_Sens_UB,WHO_Spec_LB,WHO_Spec_UB,Initial confidence grading WHO dataset,WHO_single_lineage,Reason,FINAL CONFIDENCE GRADING
ddn_LoF,LoF,2.321789905069681,0.0,1.0,1.026552474019667e-67,1.0,5.0,5.0,0.0,678.0,5.0,1.0,0.9926793557833088,0.5,1.0,0.4781762498950185,1.0,0.9829993225301684,0.9976188587524678,0.1870860284474045,0.8129139715525955,0.9945739493283464,1.0,Assoc w R,,,Assoc w R
ddn_deletion,feature_ablation,1.694641637565141,0.0,1.0,1.006169146112138e-23,1.0,2.0,2.0,0.0,678.0,8.0,1.0,0.9883381924198252,0.2,1.0,0.158113883008393,1.0,0.9771514657971756,0.99495218383165,0.0252107263268334,0.5560954623076415,0.9945739493283464,1.0,Uncertain,,,Uncertain
ddn_p.Glu35fs,frameshift,1.473009105033125,0.0165,1.0,4.171318521581866e-15,1.0,1.0,1.0,0.0,678.0,9.0,1.0,0.9868995633187772,0.1,1.0,0.025,1.0,0.9752774883352546,0.9939926196741584,0.0025285785444625,0.4450161170281954,0.9945739493283464,1.0,Uncertain,4.3.4.2.1,,Uncertain
ddn_p.Gln58*,stop_gained,1.46243671184745,0.0,1.0,9.700047106375084e-16,1.0,1.0,1.0,0.0,678.0,9.0,1.0,0.9868995633187772,0.1,1.0,0.025,1.0,0.9752774883352546,0.9939926196741584,0.0025285785444625,0.4450161170281954,0.9945739493283464,1.0,Uncertain,2.2.1,,Uncertain
fgd1_LoF,LoF,1.459943903674587,0.0,1.0,7.100482563515372e-18,1.0,1.0,1.0,0.0,678.0,9.0,1.0,0.9868995633187772,0.1,1.0,0.025,1.0,0.9752774883352546,0.9939926196741584,0.0025285785444625,0.4450161170281954,0.9945739493283464,1.0,Uncertain,2.2.1,,Uncertain
fgd1_p.Pro52fs,frameshift,1.458793558671009,0.0,1.0,8.30595223585718e-18,1.0,1.0,1.0,0.0,678.0,9.0,1.0,0.9868995633187772,0.1,1.0,0.025,1.0,0.9752774883352546,0.9939926196741584,0.0025285785444625,0.4450161170281954,0.9945739493283464,1.0,Uncertain,2.2.1,,Uncertain
ddn_p.Trp88*,stop_gained,1.450391914181331,0.0,1.0,9.700047106375084e-16,1.0,1.0,1.0,0.0,678.0,9.0,1.0,0.9868995633187772,0.1,1.0,0.025,1.0,0.9752774883352546,0.9939926196741584,0.0025285785444625,0.4450161170281954,0.9945739493283464,1.0,Uncertain,2.2.1,,Uncertain
fbiA_p.Gly283Arg,missense_variant,1.443686630386843,0.0,1.0,4.224091125985978e-15,1.0,1.0,1.0,0.0,678.0,9.0,1.0,0.9868995633187772,0.1,1.0,0.025,1.0,0.9752774883352546,0.9939926196741584,0.0025285785444625,0.4450161170281954,0.9945739493283464,1.0,Uncertain,2.2.2,,Uncertain
fbiA_c.15T>C,synonymous_variant,1.194466261364978,0.0474230769230769,1.0,0.9102480172592846,0.7609985230004861,27.0,1.0,26.0,650.0,9.0,0.037037037037037,0.9863429438543247,0.1,0.9615384615384616,0.0009372570919588,0.1897056174130445,0.974233532548463,0.9937366160105404,0.0025285785444625,0.4450161170281954,0.9441507534750828,0.9747245620085364,Uncertain,1.2.1,,Uncertain
Rv2983_c.300A>G,synonymous_variant,1.194466261364978,0.0474230769230769,1.0,0.9102480172592846,0.7609985230004861,27.0,1.0,26.0,650.0,9.0,0.037037037037037,0.9863429438543247,0.1,0.9615384615384616,0.0009372570919588,0.1897056174130445,0.974233532548463,0.9937366160105404,0.0025285785444625,0.4450161170281954,0.9441507534750828,0.9747245620085364,Uncertain,1.2.1,,Uncertain
fgd1_c.960T>C,synonymous_variant,1.126452883372995,0.7011176470588236,0.8905000000000001,0.9102480172592846,0.6788390307061016,355.0,8.0,347.0,329.0,2.0,0.0225352112676056,0.9939577039274924,0.8,0.4866863905325443,0.0097781494397048,0.0439188664079411,0.978344735292572,0.9992674104473236,0.4439045376923585,0.9747892736731664,0.4483973590683266,0.5250921140941887,Uncertain,,,Uncertain
ddn_c.225C>T,synonymous_variant,1.115862095586755,0.1272142857142857,1.0,0.9102480172592846,0.7609985230004861,2.0,1.0,1.0,675.0,9.0,0.5,0.986842105263158,0.1,0.9985207100591716,0.0125791170936789,0.987420882906321,0.9751696997152396,0.9939661961074436,0.0025285785444625,0.4450161170281954,0.9917857397309688,0.9999625483226564,Uncertain,4.3.4.2.1,,Uncertain
fbiB_p.Pro440Ser,missense_variant,1.079843076920394,0.12,1.0,1.0,0.04899277172773062,2.0,1.0,1.0,677.0,9.0,0.5,0.9868804664723032,0.1,0.9985250737463128,0.0125791170936789,0.987420882906321,0.9752416629229024,0.993983837570926,0.0025285785444625,0.4450161170281954,0.9918098889348635,0.999962658797518,Uncertain,,,Uncertain
fbiC_c.-121C>T,upstream_gene_variant,1.079843076920394,0.12,1.0,1.0,0.04899277172773062,2.0,1.0,1.0,677.0,9.0,0.5,0.9868804664723032,0.1,0.9985250737463128,0.0125791170936789,0.987420882906321,0.9752416629229024,0.993983837570926,0.0025285785444625,0.4450161170281954,0.9918098889348635,0.999962658797518,Uncertain,,,Uncertain
fgd1_p.Ser144Arg,missense_variant,1.079843076920394,0.12,1.0,1.0,0.04899277172773062,2.0,1.0,1.0,677.0,9.0,0.5,0.9868804664723032,0.1,0.9985250737463128,0.0125791170936789,0.987420882906321,0.9752416629229024,0.993983837570926,0.0025285785444625,0.4450161170281954,0.9918098889348635,0.999962658797518,Uncertain,,,Uncertain
fbiC_c.-71G>A,upstream_gene_variant,1.079843076920394,0.12,1.0,1.0,0.04899277172773062,2.0,1.0,1.0,677.0,9.0,0.5,0.9868804664723032,0.1,0.9985250737463128,0.0125791170936789,0.987420882906321,0.9752416629229024,0.993983837570926,0.0025285785444625,0.4450161170281954,0.9918098889348635,0.999962658797518,Uncertain,,,Uncertain
fgd1_p.Gly137Arg,missense_variant,1.079843076920394,0.12,1.0,1.0,0.04899277172773062,2.0,1.0,1.0,677.0,9.0,0.5,0.9868804664723032,0.1,0.9985250737463128,0.0125791170936789,0.987420882906321,0.9752416629229024,0.993983837570926,0.0025285785444625,0.4450161170281954,0.9918098889348635,0.999962658797518,Uncertain,,,Uncertain
fbiA_c.363C>T,synonymous_variant,1.056593274171426,0.1900322580645161,1.0,0.9102480172592846,0.364403183825903,3.0,1.0,2.0,674.0,9.0,0.3333333333333333,0.986822840409956,0.1,0.9970414201183432,0.0084037586596126,0.9057006759492866,0.9751335610100405,0.9939573365203138,0.0025285785444625,0.4450161170281954,0.9893538131411568,0.9996415012112828,Uncertain,4.4.1.1,,Uncertain
fbiC_c.1155C>T,synonymous_variant,1.056593274171426,0.1900322580645161,1.0,0.9102480172592846,0.364403183825903,3.0,1.0,2.0,674.0,9.0,0.3333333333333333,0.986822840409956,0.1,0.9970414201183432,0.0084037586596126,0.9057006759492866,0.9751335610100405,0.9939573365203138,0.0025285785444625,0.4450161170281954,0.9893538131411568,0.9996415012112828,Uncertain,4.4.1.1,,Uncertain
fbiC_c.1668C>T,synonymous_variant,1.02004805769283,0.0474230769230769,1.0,0.9102480172592846,0.1538980081468684,2.0,1.0,1.0,675.0,9.0,0.5,0.986842105263158,0.1,0.9985207100591716,0.0125791170936789,0.987420882906321,0.9751696997152396,0.9939661961074436,0.0025285785444625,0.4450161170281954,0.9917857397309688,0.9999625483226564,Uncertain,,,Uncertain
fbiB_c.933T>C,synonymous_variant,1.02004805769283,0.0474230769230769,1.0,0.9102480172592846,0.1538980081468684,2.0,1.0,1.0,675.0,9.0,0.5,0.986842105263158,0.1,0.9985207100591716,0.0125791170936789,0.987420882906321,0.9751696997152396,0.9939661961074436,0.0025285785444625,0.4450161170281954,0.9917857397309688,0.9999625483226564,Uncertain,,,Uncertain
ddn_c.207C>T,synonymous_variant,1.02004805769283,0.0474230769230769,1.0,0.9102480172592846,0.1538980081468684,2.0,1.0,1.0,675.0,9.0,0.5,0.986842105263158,0.1,0.9985207100591716,0.0125791170936789,0.987420882906321,0.9751696997152396,0.9939661961074436,0.0025285785444625,0.4450161170281954,0.9917857397309688,0.9999625483226564,Uncertain,,,Uncertain
fgd1_c.414A>G,synonymous_variant,1.02004805769283,0.0474230769230769,1.0,0.9102480172592846,0.1538980081468684,2.0,1.0,1.0,675.0,9.0,0.5,0.986842105263158,0.1,0.9985207100591716,0.0125791170936789,0.987420882906321,0.9751696997152396,0.9939661961074436,0.0025285785444625,0.4450161170281954,0.9917857397309688,0.9999625483226564,Uncertain,,,Uncertain
fgd1_c.399T>C,synonymous_variant,1.02004805769283,0.0474230769230769,1.0,0.9102480172592846,0.1538980081468684,2.0,1.0,1.0,675.0,9.0,0.5,0.986842105263158,0.1,0.9985207100591716,0.0125791170936789,0.987420882906321,0.9751696997152396,0.9939661961074436,0.0025285785444625,0.4450161170281954,0.9917857397309688,0.9999625483226564,Uncertain,,,Uncertain
Rv2983_c.285C>T,synonymous_variant,1.02004805769283,0.0474230769230769,1.0,0.9102480172592846,0.1538980081468684,2.0,1.0,1.0,675.0,9.0,0.5,0.986842105263158,0.1,0.9985207100591716,0.0125791170936789,0.987420882906321,0.9751696997152396,0.9939661961074436,0.0025285785444625,0.4450161170281954,0.9917857397309688,0.9999625483226564,Uncertain,,,Uncertain
fbiC_c.765T>C,synonymous_variant,1.02004805769283,0.0474230769230769,1.0,0.9102480172592846,0.1538980081468684,2.0,1.0,1.0,675.0,9.0,0.5,0.986842105263158,0.1,0.9985207100591716,0.0125791170936789,0.987420882906321,0.9751696997152396,0.9939661961074436,0.0025285785444625,0.4450161170281954,0.9917857397309688,0.9999625483226564,Uncertain,,,Uncertain
Rv2983_c.451C>T,synonymous_variant,1.02004805769283,0.0474230769230769,1.0,0.9102480172592846,0.1538980081468684,2.0,1.0,1.0,675.0,9.0,0.5,0.986842105263158,0.1,0.9985207100591716,0.0125791170936789,0.987420882906321,0.9751696997152396,0.9939661961074436,0.0025285785444625,0.4450161170281954,0.9917857397309688,0.9999625483226564,Uncertain,,,Uncertain
ddn_c.444T>C,synonymous_variant,1.02004805769283,0.0474230769230769,1.0,0.9102480172592846,0.1538980081468684,2.0,1.0,1.0,675.0,9.0,0.5,0.986842105263158,0.1,0.9985207100591716,0.0125791170936789,0.987420882906321,0.9751696997152396,0.9939661961074436,0.0025285785444625,0.4450161170281954,0.9917857397309688,0.9999625483226564,Uncertain,,,Uncertain
ddn_c.67C>A,synonymous_variant,1.02004805769283,0.0474230769230769,1.0,0.9102480172592846,0.1538980081468684,2.0,1.0,1.0,675.0,9.0,0.5,0.986842105263158,0.1,0.9985207100591716,0.0125791170936789,0.987420882906321,0.9751696997152396,0.9939661961074436,0.0025285785444625,0.4450161170281954,0.9917857397309688,0.9999625483226564,Uncertain,,,Uncertain
fbiB_c.720G>A,synonymous_variant,1.02004805769283,0.0474230769230769,1.0,0.9102480172592846,0.1538980081468684,2.0,1.0,1.0,675.0,9.0,0.5,0.986842105263158,0.1,0.9985207100591716,0.0125791170936789,0.987420882906321,0.9751696997152396,0.9939661961074436,0.0025285785444625,0.4450161170281954,0.9917857397309688,0.9999625483226564,Uncertain,,,Uncertain
fbiB_c.306T>C,synonymous_variant,1.02004805769283,0.0474230769230769,1.0,0.9102480172592846,0.1538980081468684,2.0,1.0,1.0,675.0,9.0,0.5,0.986842105263158,0.1,0.9985207100591716,0.0125791170936789,0.987420882906321,0.9751696997152396,0.9939661961074436,0.0025285785444625,0.4450161170281954,0.9917857397309688,0.9999625483226564,Uncertain,,,Uncertain
fgd1_c.528C>T,synonymous_variant,1.012753833340836,0.0964074074074074,0.7291935483870968,0.9102480172592846,0.1538980081468684,3.0,1.0,2.0,674.0,9.0,0.3333333333333333,0.986822840409956,0.1,0.9970414201183432,0.0084037586596126,0.9057006759492866,0.9751335610100405,0.9939573365203138,0.0025285785444625,0.4450161170281954,0.9893538131411568,0.9996415012112828,Uncertain,4.9,,Uncertain
fbiB_p.Leu447Arg,missense_variant,0.9986118168222038,0.988,0.048,1.0,0.05152954030623109,10.0,1.0,9.0,669.0,9.0,0.1,0.986725663716814,0.1,0.986725663716814,0.0025285785444625,0.4450161170281954,0.9749512780479668,0.9939126454327634,0.0025285785444625,0.4450161170281954,0.9749512780479668,0.9939126454327634,Neutral,4.8,,Neutral
fbiB_c.411C>A,synonymous_variant,0.9960444492191682,0.992,0.0,0.9102480172592846,0.1538980081468684,1.0,0.0,1.0,675.0,10.0,0.0,0.9854014598540146,0.0,0.9985207100591716,0.0,0.975,0.9733170695649136,0.9929778207120846,0.0,0.3084971078187629,0.9917857397309688,0.9999625483226564,Uncertain,4.1.1.1,,Uncertain
Rv2983_p.Thr48Ser,missense_variant,0.9956496713810062,0.988,0.072,1.0,0.04787990389867242,1.0,0.0,1.0,677.0,10.0,0.0,0.985443959243086,0.0,0.9985250737463128,0.0,0.975,0.9733942725307592,0.9929983268406236,0.0,0.3084971078187629,0.9918098889348635,0.999962658797518,Uncertain,3.1.1,,Uncertain
fbiA_c.756G>A,synonymous_variant,0.9956356627087248,0.992,0.0,0.9102480172592846,0.1538980081468684,1.0,0.0,1.0,675.0,10.0,0.0,0.9854014598540146,0.0,0.9985207100591716,0.0,0.975,0.9733170695649136,0.9929778207120846,0.0,0.3084971078187629,0.9917857397309688,0.9999625483226564,Uncertain,4.1.1.3,,Uncertain
fbiB_c.273C>G,synonymous_variant,0.9955745921547524,0.992,0.0,0.9102480172592846,0.1538980081468684,1.0,0.0,1.0,675.0,10.0,0.0,0.9854014598540146,0.0,0.9985207100591716,0.0,0.975,0.9733170695649136,0.9929778207120846,0.0,0.3084971078187629,0.9917857397309688,0.9999625483226564,Uncertain,4.1.1.3,,Uncertain
fbiB_c.700C>A,synonymous_variant,0.9952880329088488,0.992,0.169109375,0.9102480172592846,0.1538980081468684,1.0,0.0,1.0,675.0,10.0,0.0,0.9854014598540146,0.0,0.9985207100591716,0.0,0.975,0.9733170695649136,0.9929778207120846,0.0,0.3084971078187629,0.9917857397309688,0.9999625483226564,Uncertain,BOV_AFRI,,Uncertain
fgd1_c.286C>T,synonymous_variant,0.9950621158558792,0.992,0.0,0.9102480172592846,0.1538980081468684,1.0,0.0,1.0,675.0,10.0,0.0,0.9854014598540146,0.0,0.9985207100591716,0.0,0.975,0.9733170695649136,0.9929778207120846,0.0,0.3084971078187629,0.9917857397309688,0.9999625483226564,Uncertain,4.3.4.2.1,,Uncertain
fbiB_p.Val416Ile,missense_variant,0.9950589177568536,0.988,0.3229090909090909,1.0,0.0,1.0,0.0,1.0,677.0,10.0,0.0,0.985443959243086,0.0,0.9985250737463128,0.0,0.975,0.9733942725307592,0.9929983268406236,0.0,0.3084971078187629,0.9918098889348635,0.999962658797518,Uncertain,1.1.3,,Uncertain
fgd1_p.Gly168Arg,missense_variant,0.995029093495308,0.988,0.1813333333333333,1.0,0.0,1.0,0.0,1.0,677.0,10.0,0.0,0.985443959243086,0.0,0.9985250737463128,0.0,0.975,0.9733942725307592,0.9929983268406236,0.0,0.3084971078187629,0.9918098889348635,0.999962658797518,Uncertain,4.1.1.1,,Uncertain
fgd1_c.66A>G,synonymous_variant,0.9949203308329048,0.992,0.0039142857142857,0.9102480172592846,0.1538980081468684,1.0,0.0,1.0,675.0,10.0,0.0,0.9854014598540146,0.0,0.9985207100591716,0.0,0.975,0.9733170695649136,0.9929778207120846,0.0,0.3084971078187629,0.9917857397309688,0.9999625483226564,Uncertain,1.1.3,,Uncertain
fbiA_c.-58C>T,upstream_gene_variant,0.9943554514780726,0.988,0.064,1.0,0.0,1.0,0.0,1.0,677.0,10.0,0.0,0.985443959243086,0.0,0.9985250737463128,0.0,0.975,0.9733942725307592,0.9929983268406236,0.0,0.3084971078187629,0.9918098889348635,0.999962658797518,Uncertain,4.3.2.1,,Uncertain
fbiB_p.Ala328Val,missense_variant,0.9941606166422834,0.9753043478260868,0.4944,1.0,0.02989350539223074,1.0,0.0,1.0,677.0,10.0,0.0,0.985443959243086,0.0,0.9985250737463128,0.0,0.975,0.9733942725307592,0.9929983268406236,0.0,0.3084971078187629,0.9918098889348635,0.999962658797518,Uncertain,BOV_AFRI,,Uncertain
ddn_c.168C>T,synonymous_variant,0.9941198229372316,0.992,0.0039142857142857,0.9102480172592846,0.1538980081468684,1.0,0.0,1.0,675.0,10.0,0.0,0.9854014598540146,0.0,0.9985207100591716,0.0,0.975,0.9733170695649136,0.9929778207120846,0.0,0.3084971078187629,0.9917857397309688,0.9999625483226564,Uncertain,4.6.2.2,,Uncertain
fbiA_c.792G>T,synonymous_variant,0.993629834552358,0.992,0.0,0.9102480172592846,0.1538980081468684,2.0,0.0,2.0,674.0,10.0,0.0,0.9853801169590644,0.0,0.9970414201183432,0.0,0.841886116991607,0.97327829982627,0.992967522538428,0.0,0.3084971078187629,0.9893538131411568,0.9996415012112828,Uncertain,4.1.1.3,,Uncertain
fbiA_c.579C>A,synonymous_variant,0.9935313397329736,0.992,0.0,0.9102480172592846,0.1538980081468684,1.0,0.0,1.0,675.0,10.0,0.0,0.9854014598540146,0.0,0.9985207100591716,0.0,0.975,0.9733170695649136,0.9929778207120846,0.0,0.3084971078187629,0.9917857397309688,0.9999625483226564,Uncertain,1.1.2,,Uncertain
Rv2983_c.513C>T,synonymous_variant,0.9931741218573716,0.992,0.0,0.9102480172592846,0.1538980081468684,1.0,0.0,1.0,675.0,10.0,0.0,0.9854014598540146,0.0,0.9985207100591716,0.0,0.975,0.9733170695649136,0.9929778207120846,0.0,0.3084971078187629,0.9917857397309688,0.9999625483226564,Uncertain,2.2.1,,Uncertain
fbiB_c.276G>C,synonymous_variant,0.9931268276102648,0.992,0.0,0.9102480172592846,0.1538980081468684,1.0,0.0,1.0,675.0,10.0,0.0,0.9854014598540146,0.0,0.9985207100591716,0.0,0.975,0.9733170695649136,0.9929778207120846,0.0,0.3084971078187629,0.9917857397309688,0.9999625483226564,Uncertain,2.2.1,,Uncertain
fbiC_p.Thr510Ser,missense_variant,0.9928256958679186,0.988,0.255,1.0,0.0472582142578751,1.0,0.0,1.0,677.0,10.0,0.0,0.985443959243086,0.0,0.9985250737463128,0.0,0.975,0.9733942725307592,0.9929983268406236,0.0,0.3084971078187629,0.9918098889348635,0.999962658797518,Uncertain,4.3.4.2.1,,Uncertain
fbiC_p.Ser782Ala,missense_variant,0.9928256958679186,0.988,0.255,1.0,0.0472582142578751,1.0,0.0,1.0,677.0,10.0,0.0,0.985443959243086,0.0,0.9985250737463128,0.0,0.975,0.9733942725307592,0.9929983268406236,0.0,0.3084971078187629,0.9918098889348635,0.999962658797518,Uncertain,4.3.4.2.1,,Uncertain
fbiB_c.639G>A,synonymous_variant,0.9918354785115864,0.992,0.0039142857142857,0.9102480172592846,0.1538980081468684,2.0,0.0,2.0,674.0,10.0,0.0,0.9853801169590644,0.0,0.9970414201183432,0.0,0.841886116991607,0.97327829982627,0.992967522538428,0.0,0.3084971078187629,0.9893538131411568,0.9996415012112828,Uncertain,1.1.3,,Uncertain
fbiC_c.-113G>C,upstream_gene_variant,0.9918261764791284,0.988,0.1775999999999999,1.0,0.0,2.0,0.0,2.0,676.0,10.0,0.0,0.9854227405247812,0.0,0.9970501474926252,0.0,0.841886116991607,0.9733557269705788,0.9929880887688411,0.0,0.3084971078187629,0.9893850968183528,0.9996425593217516,Uncertain,2.2.1.1,,Uncertain
Rv2983_c.216G>A,synonymous_variant,0.9906919449532976,0.992,0.0,0.9102480172592846,0.1538980081468684,2.0,0.0,2.0,674.0,10.0,0.0,0.9853801169590644,0.0,0.9970414201183432,0.0,0.841886116991607,0.97327829982627,0.992967522538428,0.0,0.3084971078187629,0.9893538131411568,0.9996415012112828,Uncertain,2.2.1,,Uncertain
fbiB_p.Ala307Pro,missense_variant,0.9903825625610204,0.988,0.1775999999999999,1.0,0.03149534598443943,1.0,0.0,1.0,677.0,10.0,0.0,0.985443959243086,0.0,0.9985250737463128,0.0,0.975,0.9733942725307592,0.9929983268406236,0.0,0.3084971078187629,0.9918098889348635,0.999962658797518,Uncertain,4.3.3,,Uncertain
ddn_p.Arg23Trp,missense_variant,0.9896174405771196,0.988,0.3229090909090909,1.0,0.0,1.0,0.0,1.0,677.0,10.0,0.0,0.985443959243086,0.0,0.9985250737463128,0.0,0.975,0.9733942725307592,0.9929983268406236,0.0,0.3084971078187629,0.9918098889348635,0.999962658797518,Uncertain,4.3.2,,Uncertain
fbiB_c.654T>C,synonymous_variant,0.9895331395755976,0.992,0.0590980392156862,0.9102480172592846,0.1636032941176253,2.0,0.0,2.0,674.0,10.0,0.0,0.9853801169590644,0.0,0.9970414201183432,0.0,0.841886116991607,0.97327829982627,0.992967522538428,0.0,0.3084971078187629,0.9893538131411568,0.9996415012112828,Uncertain,4.1.1,,Uncertain
fgd1_p.Lys296Glu,missense_variant,0.9892328336487124,0.988,0.38016,1.0,0.0,1.0,0.0,1.0,677.0,10.0,0.0,0.985443959243086,0.0,0.9985250737463128,0.0,0.975,0.9733942725307592,0.9929983268406236,0.0,0.3084971078187629,0.9918098889348635,0.999962658797518,Uncertain,,,Uncertain
fbiC_p.Thr560Ala,missense_variant,0.9888822895369376,0.988,0.2978461538461538,1.0,0.04410281596032369,1.0,0.0,1.0,677.0,10.0,0.0,0.985443959243086,0.0,0.9985250737463128,0.0,0.975,0.9733942725307592,0.9929983268406236,0.0,0.3084971078187629,0.9918098889348635,0.999962658797518,Uncertain,4.3.3,,Uncertain
fbiB_p.Ala164Thr,missense_variant,0.9888593047792849,0.988,0.1789090909090909,1.0,0.0,1.0,0.0,1.0,677.0,10.0,0.0,0.985443959243086,0.0,0.9985250737463128,0.0,0.975,0.9733942725307592,0.9929983268406236,0.0,0.3084971078187629,0.9918098889348635,0.999962658797518,Uncertain,2.2.1,,Uncertain
Rv2983_c.624G>A,synonymous_variant,0.9885610199149532,0.992,0.0,0.9102480172592846,0.1538980081468684,3.0,0.0,3.0,673.0,10.0,0.0,0.985358711566618,0.0,0.9955621301775148,0.0,0.7075982261787133,0.9732394172643172,0.9929571941151714,0.0,0.3084971078187629,0.9870858820169262,0.9990838678381112,Uncertain,1.1.2,,Uncertain
fbiA_p.Gly264Arg,missense_variant,0.9884408549020964,0.988,0.1813333333333333,1.0,0.04899277172773062,1.0,0.0,1.0,677.0,10.0,0.0,0.985443959243086,0.0,0.9985250737463128,0.0,0.975,0.9733942725307592,0.9929983268406236,0.0,0.3084971078187629,0.9918098889348635,0.999962658797518,Uncertain,2.2.1,,Uncertain
fbiC_p.Cys59Tyr,missense_variant,0.9882782984497128,0.988,0.1775999999999999,1.0,0.02989350539223074,1.0,0.0,1.0,677.0,10.0,0.0,0.985443959243086,0.0,0.9985250737463128,0.0,0.975,0.9733942725307592,0.9929983268406236,0.0,0.3084971078187629,0.9918098889348635,0.999962658797518,Uncertain,4.8,,Uncertain
fbiC_c.-32A>G,upstream_gene_variant,0.9882648148694224,0.988,0.38016,1.0,0.0,2.0,0.0,2.0,676.0,10.0,0.0,0.9854227405247812,0.0,0.9970501474926252,0.0,0.841886116991607,0.9733557269705788,0.9929880887688411,0.0,0.3084971078187629,0.9893850968183528,0.9996425593217516,Uncertain,BOV_AFRI,,Uncertain
fbiC_LoF,LoF,0.9881283038603894,0.988,0.0,1.0,0.01473456698781968,1.0,0.0,1.0,677.0,10.0,0.0,0.985443959243086,0.0,0.9985250737463128,0.0,0.975,0.9733942725307592,0.9929983268406236,0.0,0.3084971078187629,0.9918098889348635,0.999962658797518,Uncertain,3.1.2.1,,Uncertain
fbiC_p.Ala855fs,frameshift,0.9881282789774234,0.985,0.0,1.0,0.0562598390714291,1.0,0.0,1.0,677.0,10.0,0.0,0.985443959243086,0.0,0.9985250737463128,0.0,0.975,0.9733942725307592,0.9929983268406236,0.0,0.3084971078187629,0.9918098889348635,0.999962658797518,Uncertain,3.1.2.1,,Uncertain
fbiA_p.Thr302Met,missense_variant,0.9879345491609592,0.988,0.1813333333333333,1.0,0.0,5.0,0.0,5.0,673.0,10.0,0.0,0.985358711566618,0.0,0.9926253687315634,0.0,0.5218237501049814,0.9732394172643172,0.9929571941151714,0.0,0.3084971078187629,0.98287456637437,0.997601267803604,Neutral,4.1.1.1,,Neutral
fbiB_p.Asp66Glu,missense_variant,0.9877957165508924,0.988,0.288,1.0,0.0472582142578751,2.0,0.0,2.0,676.0,10.0,0.0,0.9854227405247812,0.0,0.9970501474926252,0.0,0.841886116991607,0.9733557269705788,0.9929880887688411,0.0,0.3084971078187629,0.9893850968183528,0.9996425593217516,Uncertain,4.3.4.2.1,,Uncertain
fgd1_c.-27T>G,upstream_gene_variant,0.987734040634457,0.988,0.2978461538461538,1.0,0.0472582142578751,1.0,0.0,1.0,677.0,10.0,0.0,0.985443959243086,0.0,0.9985250737463128,0.0,0.975,0.9733942725307592,0.9929983268406236,0.0,0.3084971078187629,0.9918098889348635,0.999962658797518,Uncertain,4.6.2,,Uncertain
Rv2983_p.Asp90Asn,missense_variant,0.9873936283383408,0.988,0.256,1.0,0.0,2.0,0.0,2.0,676.0,10.0,0.0,0.9854227405247812,0.0,0.9970501474926252,0.0,0.841886116991607,0.9733557269705788,0.9929880887688411,0.0,0.3084971078187629,0.9893850968183528,0.9996425593217516,Uncertain,4.9,,Uncertain
fgd1_c.465C>T,synonymous_variant,0.9868934836198452,0.992,0.0072105263157894,0.9102480172592846,0.1538980081468684,8.0,0.0,8.0,668.0,10.0,0.0,0.9852507374631267,0.0,0.9881656804733728,0.0,0.3694166475528192,0.9730432947421096,0.992905093554996,0.0,0.3084971078187629,0.9768154172240072,0.9948773147566208,Neutral,4.2.1,,Neutral
Rv2983_p.Ile129Met,missense_variant,0.9864565737472164,0.988,0.2978461538461538,1.0,0.06031591775740943,2.0,0.0,2.0,676.0,10.0,0.0,0.9854227405247812,0.0,0.9970501474926252,0.0,0.841886116991607,0.9733557269705788,0.9929880887688411,0.0,0.3084971078187629,0.9893850968183528,0.9996425593217516,Uncertain,2.2.1,,Uncertain
fbiB_c.564G>A,synonymous_variant,0.9864197177533276,0.992,0.0378936170212765,0.9102480172592846,0.1699079709492328,4.0,0.0,4.0,672.0,10.0,0.0,0.9853372434017597,0.0,0.9940828402366864,0.0,0.6023646356164858,0.9732004213858664,0.9929468353088348,0.0,0.3084971078187629,0.9849195404493924,0.9983854897562616,Uncertain,3,,Uncertain
fbiA_c.337C>T,synonymous_variant,0.9852996726139758,0.992,0.0391428571428571,0.9102480172592846,0.1699079709492328,5.0,0.0,5.0,671.0,10.0,0.0,0.9853157121879588,0.0,0.992603550295858,0.0,0.5218237501049814,0.9731613116948498,0.9929364459851524,0.0,0.3084971078187629,0.9828241497319992,0.9975941584333352,Uncertain,2.2.1,,Uncertain
fgd1_p.Met93Thr,missense_variant,0.984759768357423,0.988,0.336,1.0,0.0,1.0,0.0,1.0,677.0,10.0,0.0,0.985443959243086,0.0,0.9985250737463128,0.0,0.975,0.9733942725307592,0.9929983268406236,0.0,0.3084971078187629,0.9918098889348635,0.999962658797518,Uncertain,1.2.2,,Uncertain
fgd1_p.Lys183Met,missense_variant,0.9838161144618062,0.988,0.2217931034482758,1.0,0.04899277172773062,2.0,0.0,2.0,676.0,10.0,0.0,0.9854227405247812,0.0,0.9970501474926252,0.0,0.841886116991607,0.9733557269705788,0.9929880887688411,0.0,0.3084971078187629,0.9893850968183528,0.9996425593217516,Uncertain,2.2.1,,Uncertain
fbiC_c.165G>A,synonymous_variant,0.9828106639971363,0.992,0.0072105263157894,0.9102480172592846,0.1619196001367064,15.0,0.0,15.0,661.0,10.0,0.0,0.985096870342772,0.0,0.977810650887574,0.0,0.2180193609108388,0.9727638438578248,0.9928308441818066,0.0,0.3084971078187629,0.963665809236976,0.9875288611173508,Neutral,4.3.3,,Neutral
fbiC_p.Val41Met,missense_variant,0.9805060705842458,0.988,0.3229090909090909,1.0,0.0472582142578751,2.0,0.0,2.0,676.0,10.0,0.0,0.9854227405247812,0.0,0.9970501474926252,0.0,0.841886116991607,0.9733557269705788,0.9929880887688411,0.0,0.3084971078187629,0.9893850968183528,0.9996425593217516,Uncertain,1.1.2,,Uncertain
Rv2983_p.Arg57Leu,missense_variant,0.9788263263464596,0.988,0.1775999999999999,1.0,0.0472582142578751,4.0,0.0,4.0,674.0,10.0,0.0,0.9853801169590644,0.0,0.9941002949852508,0.0,0.6023646356164858,0.97327829982627,0.992967522538428,0.0,0.3084971078187629,0.9849638205902412,0.9983902590554394,Uncertain,4.4.1.1,,Uncertain
fbiC_p.Trp678Gly,missense_variant,0.9758926791294082,0.988,0.144,1.0,0.0,9.0,0.0,9.0,669.0,10.0,0.0,0.9852724594992636,0.0,0.986725663716814,0.0,0.3362671168799429,0.9730827488763306,0.9929155752447208,0.0,0.3084971078187629,0.9749512780479668,0.9939126454327634,Neutral,4.3.3,,Neutral
fbiC_p.Ala505Thr,missense_variant,0.9737420037431384,0.920655737704918,0.5551304347826087,1.0,0.1809817954873002,1.0,0.0,1.0,677.0,10.0,0.0,0.985443959243086,0.0,0.9985250737463128,0.0,0.975,0.9733942725307592,0.9929983268406236,0.0,0.3084971078187629,0.9918098889348635,0.999962658797518,Uncertain,2.1,,Uncertain
fbiC_c.-14_-13insA,upstream_gene_variant,0.96547086374019,0.924553846153846,0.5099016393442624,1.0,0.07477745577844204,5.0,0.0,5.0,673.0,10.0,0.0,0.985358711566618,0.0,0.9926253687315634,0.0,0.5218237501049814,0.9732394172643172,0.9929571941151714,0.0,0.3084971078187629,0.98287456637437,0.997601267803604,Uncertain,2.2.1,,Uncertain
fbiA_p.Ile208Val,missense_variant,0.9583191692152678,0.896,0.6822400000000001,1.0,0.07538741875050045,4.0,0.0,4.0,674.0,10.0,0.0,0.9853801169590644,0.0,0.9941002949852508,0.0,0.6023646356164858,0.97327829982627,0.992967522538428,0.0,0.3084971078187629,0.9849638205902412,0.9983902590554394,Uncertain,4.1.2,,Uncertain
fgd1_p.Lys270Met,missense_variant,0.9385958142609347,0.9370746268656718,0.2934857142857143,1.0,0.02009453668015867,33.0,0.0,33.0,645.0,10.0,0.0,0.9847328244274808,0.0,0.9513274336283186,0.0,0.1057628100745792,0.9721028149196927,0.9926551525896558,0.0,0.3084971078187629,0.9323217678582012,0.9662625978470046,Neutral,,,Neutral
fgd1_p.Ala35Val,missense_variant,0.8957346146740108,0.7243636363636364,0.9799024390243902,1.0,0.7866039740393713,1.0,0.0,1.0,677.0,10.0,0.0,0.985443959243086,0.0,0.9985250737463128,0.0,0.975,0.9733942725307592,0.9929983268406236,0.0,0.3084971078187629,0.9918098889348635,0.999962658797518,Uncertain,1.2.1,,Uncertain
fbiA_p.Pro75Thr,missense_variant,0.8805644170351918,0.6960000000000001,0.9904941176470587,1.0,0.9185190204831948,1.0,0.0,1.0,677.0,10.0,0.0,0.985443959243086,0.0,0.9985250737463128,0.0,0.975,0.9733942725307592,0.9929983268406236,0.0,0.3084971078187629,0.9918098889348635,0.999962658797518,Uncertain,1.2.1,,Uncertain
ddn_p.Pro2Arg,missense_variant,0.8764516437116134,0.6960000000000001,0.9904941176470587,1.0,0.9185190204831948,1.0,0.0,1.0,677.0,10.0,0.0,0.985443959243086,0.0,0.9985250737463128,0.0,0.975,0.9733942725307592,0.9929983268406236,0.0,0.3084971078187629,0.9918098889348635,0.999962658797518,Uncertain,1.2.1,,Uncertain
fbiA_p.Ala178Thr,missense_variant,0.8724541397921934,0.56,1.0,1.0,0.9254609264076816,1.0,0.0,1.0,677.0,10.0,0.0,0.985443959243086,0.0,0.9985250737463128,0.0,0.975,0.9733942725307592,0.9929983268406236,0.0,0.3084971078187629,0.9918098889348635,0.999962658797518,Uncertain,1.2.1,,Uncertain
fbiC_c.-110G>A,upstream_gene_variant,0.8374201629627898,0.6960000000000001,0.9904941176470587,1.0,0.9707939999544255,2.0,0.0,2.0,676.0,10.0,0.0,0.9854227405247812,0.0,0.9970501474926252,0.0,0.841886116991607,0.9733557269705788,0.9929880887688411,0.0,0.3084971078187629,0.9893850968183528,0.9996425593217516,Uncertain,1.2.1,,Uncertain
fbiA_p.Val188Phe,missense_variant,0.8326966218204522,0.7243636363636364,0.9540740740740742,1.0,0.9185190204831948,3.0,0.0,3.0,675.0,10.0,0.0,0.9854014598540146,0.0,0.995575221238938,0.0,0.7075982261787133,0.9733170695649136,0.9929778207120846,0.0,0.3084971078187629,0.9871238146485078,0.9990865730527776,Uncertain,1.2.1,,Uncertain
