mutation,coef,pval,BH_pval,Bonferroni_pval,Odds_Ratio,confidence
gyrA_c.-19G>T,0.02638955819400493,0.145,0.6699367088607594,1.0,1.0267408458863625,3) Uncertain significance
gyrA_c.-24C>G,-0.03112841474549471,0.782,0.8242916666666666,1.0,0.9693510861101982,
gyrA_c.-30A>G,0.03751715552032105,0.208,0.751470588235294,1.0,1.0382298083016186,3) Uncertain significance
gyrA_c.-34C>T,0.07157547955082988,0.008,0.06083333333333334,1.0,1.074199227716657,5) Not assoc w R
gyrA_p.Ala126Glu,-0.011483662129817648,0.501,0.8242916666666666,1.0,0.9885820234407382,3) Uncertain significance
gyrA_p.Ala217Val,-0.03454120055416321,0.788,0.8242916666666666,1.0,0.9660485371314752,
gyrA_p.Ala288Asp,0.001780534865126463,0.374,0.8242916666666666,1.0,1.0017821209585547,3) Uncertain significance
gyrA_p.Ala297Gly,-0.02934961949503508,0.78,0.8242916666666666,1.0,0.9710768976958696,
gyrA_p.Ala322Ser,-0.031128549271883393,0.793,0.8242916666666666,1.0,0.9693509557069059,3) Uncertain significance
gyrA_p.Ala324Gly,-0.031128549271883316,0.773,0.8242916666666666,1.0,0.969350955706906,3) Uncertain significance
gyrA_p.Ala347Ser,0.07214835180008697,0.0,0.0,0.0,1.0748147829448087,
gyrA_p.Ala384Val,-0.3355201056039097,0.002,0.01659090909090909,0.73,0.7149661317413816,5) Not assoc w R
gyrA_p.Ala410Val,-0.02934949628819703,0.776,0.8242916666666666,1.0,0.971077017339191,
gyrA_p.Ala445Val,-0.029344394951362446,0.781,0.8242916666666666,1.0,0.9710819711427843,3) Uncertain significance
gyrA_p.Ala456Val,-0.08075300775755384,0.174,0.751470588235294,1.0,0.9224214942640342,3) Uncertain significance
gyrA_p.Ala463Ser,0.00887297921563219,0.379,0.8242916666666666,1.0,1.0089124607823583,5) Not assoc w R
gyrA_p.Ala500Glu,-0.02558017598930321,0.799,0.8242916666666666,1.0,0.9747442247502003,
gyrA_p.Ala579Val,0.016348138605594757,0.357,0.8242916666666666,1.0,1.01648250061453,3) Uncertain significance
gyrA_p.Ala676Asp,-0.03112814983277598,0.81,0.8242916666666666,1.0,0.9693513429036638,3) Uncertain significance
gyrA_p.Ala676Val,0.05166186002738076,0.03,0.19210526315789472,1.0,1.0530196142826218,3) Uncertain significance
gyrA_p.Ala696Val,-0.04884855431422692,0.65,0.8242916666666666,1.0,0.9523253443427394,
gyrA_p.Ala736Val,-0.038574668639468686,0.603,0.8242916666666666,1.0,0.9621598588899203,3) Uncertain significance
gyrA_p.Ala74Ser,0.04764234779097674,0.194,0.751470588235294,1.0,1.0487954842163383,3) Uncertain significance
gyrA_p.Ala74Thr,-0.04607649969300268,0.554,0.8242916666666666,1.0,0.9549689045682809,3) Uncertain significance
gyrA_p.Ala74Val,-0.03454120055416318,0.78,0.8242916666666666,1.0,0.9660485371314752,
gyrA_p.Ala814Thr,-0.02387620359683124,0.656,0.8242916666666666,1.0,0.9764065778986086,3) Uncertain significance
gyrA_p.Ala90Gly,-0.030336707540889355,0.601,0.8242916666666666,1.0,0.9701188322238263,4) Not assoc w R - Interim
gyrA_p.Ala90Val,0.9748505743682232,0.0,0.0,0.0,2.650771088243342,1) Assoc w R
gyrA_p.Arg106Cys,-0.007709465428374754,0.791,0.8242916666666666,1.0,0.9923201762774058,3) Uncertain significance
gyrA_p.Arg195Gly,-0.03454375143374492,0.788,0.8242916666666666,1.0,0.9660460728611299,3) Uncertain significance
gyrA_p.Arg252Leu,-0.22441572361550946,0.001,0.008488372093023255,0.365,0.7989829092534716,3) Uncertain significance
gyrA_p.Arg254Cys,-0.0823609579374652,0.196,0.751470588235294,1.0,0.9209394782796257,3) Uncertain significance
gyrA_p.Arg292Gly,0.0008138963469141437,0.546,0.8242916666666666,1.0,1.000814227650422,3) Uncertain significance
gyrA_p.Arg292Leu,0.03708853110630547,0.183,0.751470588235294,1.0,1.03778489301601,3) Uncertain significance
gyrA_p.Arg309Gln,-0.031128464252595966,0.788,0.8242916666666666,1.0,0.969351038120437,
gyrA_p.Arg309Trp,0.12176449575257918,0.0,0.0,0.0,1.1294880712177016,3) Uncertain significance
gyrA_p.Arg380Gly,-0.02558059439805165,0.772,0.8242916666666666,1.0,0.9747438169087744,3) Uncertain significance
gyrA_p.Arg387Gln,-0.02019230211725487,0.788,0.8242916666666666,1.0,0.9800101971493109,
gyrA_p.Arg392His,-0.031128464252596015,0.812,0.8242916666666666,1.0,0.9693510381204369,3) Uncertain significance
gyrA_p.Arg409Gln,-0.041475020760502516,0.622,0.8242916666666666,1.0,0.959373299457583,
gyrA_p.Arg450Ser,0.0010380787404392284,0.194,0.751470588235294,1.0,1.0010386177306636,3) Uncertain significance
gyrA_p.Arg489Ser,-0.04149960552752588,0.617,0.8242916666666666,1.0,0.9593497137784528,3) Uncertain significance
gyrA_p.Arg495Cys,-0.028500348928147515,0.805,0.8242916666666666,1.0,0.9719019550221286,
gyrA_p.Arg497Trp,-0.025580594398051566,0.794,0.8242916666666666,1.0,0.9747438169087745,
gyrA_p.Arg513Cys,-0.02558059439805163,0.796,0.8242916666666666,1.0,0.9747438169087744,3) Uncertain significance
gyrA_p.Arg578Gln,0.036298569266907006,0.063,0.33816176470588233,1.0,1.036965406277265,3) Uncertain significance
gyrA_p.Arg592Cys,0.03190260192557228,0.213,0.7548058252427184,1.0,1.0324169449855591,
gyrA_p.Arg607His,-0.06739449927244397,0.0,0.0,0.0,0.9348263402727506,3) Uncertain significance
gyrA_p.Arg68Gly,-0.02387620359683124,0.656,0.8242916666666666,1.0,0.9764065778986086,
gyrA_p.Asn193Ser,-0.10576808422806304,0.043,0.25729508196721307,1.0,0.8996332630270955,3) Uncertain significance
gyrA_p.Asn826Asp,-0.03112841474549479,0.783,0.8242916666666666,1.0,0.969351086110198,3) Uncertain significance
gyrA_p.Asp211Gly,-0.031128549271883323,0.785,0.8242916666666666,1.0,0.969350955706906,3) Uncertain significance
gyrA_p.Asp262Val,-0.04402059024262425,0.621,0.8242916666666666,1.0,0.9569342537617349,
gyrA_p.Asp293Tyr,-0.050795242503030684,0.499,0.8242916666666666,1.0,0.9504732671363053,3) Uncertain significance
gyrA_p.Asp367Glu,-0.025580594398051583,0.797,0.8242916666666666,1.0,0.9747438169087745,3) Uncertain significance
gyrA_p.Asp415Phe,-0.029328689403276164,0.763,0.8242916666666666,1.0,0.971097222637144,
gyrA_p.Asp437Gly,-0.012584126542258376,0.808,0.8242916666666666,1.0,0.9874947224828966,3) Uncertain significance
gyrA_p.Asp464Glu,-0.025580594398051614,0.769,0.8242916666666666,1.0,0.9747438169087744,3) Uncertain significance
gyrA_p.Asp467Glu,-0.025580594398051566,0.785,0.8242916666666666,1.0,0.9747438169087745,
gyrA_p.Asp467His,-0.041474676727924605,0.629,0.8242916666666666,1.0,0.9593736295133092,3) Uncertain significance
gyrA_p.Asp481Glu,-0.018413298692732994,0.813,0.8242916666666666,1.0,0.9817551903603343,3) Uncertain significance
gyrA_p.Asp488Ala,-0.029344394951362547,0.811,0.8242916666666666,1.0,0.9710819711427842,3) Uncertain significance
gyrA_p.Asp488Glu,-0.031128549271883313,0.79,0.8242916666666666,1.0,0.969350955706906,3) Uncertain significance
gyrA_p.Asp504Glu,-0.018413103908281717,0.807,0.8242916666666666,1.0,0.9817553815909991,3) Uncertain significance
gyrA_p.Asp532Asn,-0.03112841474549473,0.781,0.8242916666666666,1.0,0.9693510861101982,
gyrA_p.Asp552Gly,-0.04732558238037028,0.176,0.751470588235294,1.0,0.9537768141073808,3) Uncertain significance
gyrA_p.Asp639Ala,-0.004651528579756946,0.515,0.8242916666666666,1.0,0.9953592730248264,3) Uncertain significance
gyrA_p.Asp641Glu,-0.08538981977089591,0.0,0.0,0.0,0.918154299932432,3) Uncertain significance
gyrA_p.Asp641Tyr,-0.03112854927188337,0.798,0.8242916666666666,1.0,0.969350955706906,3) Uncertain significance
gyrA_p.Asp687Asn,-0.025580594398051625,0.8,0.8242916666666666,1.0,0.9747438169087744,3) Uncertain significance
gyrA_p.Asp810Glu,0.023158254484992865,0.203,0.751470588235294,1.0,1.0234284888807101,3) Uncertain significance
gyrA_p.Asp824Glu,-0.06739628294286035,0.0,0.0,0.0,0.9348246728521501,3) Uncertain significance
gyrA_p.Asp829Glu,-0.03112846425259602,0.826,0.826,1.0,0.9693510381204369,3) Uncertain significance
gyrA_p.Asp89Asn,0.23687189808634873,0.0,0.0,0.0,1.2672787665416303,3) Uncertain significance
gyrA_p.Asp89Gly,0.07494161232008889,0.015,0.1095,1.0,1.0778212175671316,3) Uncertain significance
gyrA_p.Asp94Ala,0.6432886960569455,0.0,0.0,0.0,1.902728095461791,1) Assoc w R
gyrA_p.Asp94Asn,0.66331411515112,0.0,0.0,0.0,1.9412150959988805,1) Assoc w R
gyrA_p.Asp94Gly,1.8055914176610905,0.0,0.0,0.0,6.083568314534121,1) Assoc w R
gyrA_p.Asp94His,0.3977555415644957,0.0,0.0,0.0,1.4884801139079968,1) Assoc w R
gyrA_p.Asp94Tyr,0.5604938155583252,0.0,0.0,0.0,1.7515372231034951,1) Assoc w R
gyrA_p.Asp94Val,0.03789380131858269,0.073,0.37006944444444445,1.0,1.0386209268485003,3) Uncertain significance
gyrA_p.Gln113Glu,-0.044021812377169775,0.639,0.8242916666666666,1.0,0.9569330842600402,3) Uncertain significance
gyrA_p.Gln22His,-0.029328791765617063,0.784,0.8242916666666666,1.0,0.9710971232333642,3) Uncertain significance
gyrA_p.Gln25Glu,-0.015502260387501169,0.792,0.8242916666666666,1.0,0.9846172811326219,3) Uncertain significance
gyrA_p.Gln277Arg,-0.044030008469179815,0.615,0.8242916666666666,1.0,0.9569252411805755,3) Uncertain significance
gyrA_p.Gln290Arg,-0.031128549271883382,0.768,0.8242916666666666,1.0,0.969350955706906,3) Uncertain significance
gyrA_p.Gln290His,-0.03372926723203104,0.644,0.8242916666666666,1.0,0.9668332226426185,3) Uncertain significance
gyrA_p.Gln305Arg,-0.031129013830938797,0.793,0.8242916666666666,1.0,0.9693505053862462,3) Uncertain significance
gyrA_p.Gln475Pro,-0.031128549271883348,0.803,0.8242916666666666,1.0,0.969350955706906,3) Uncertain significance
gyrA_p.Gln613Glu,-0.06527168704003145,0.016,0.11230769230769232,1.0,0.9368129088731143,3) Uncertain significance
gyrA_p.Gln679His,-0.009234907227494774,0.809,0.8242916666666666,1.0,0.9908076035665303,3) Uncertain significance
gyrA_p.Gln679Lys,-0.04147502076050251,0.644,0.8242916666666666,1.0,0.959373299457583,
gyrA_p.Gln743His,-0.031128149832776,0.806,0.8242916666666666,1.0,0.9693513429036638,
gyrA_p.Gln790Glu,-0.03454375143374495,0.781,0.8242916666666666,1.0,0.9660460728611299,
gyrA_p.Gln797Pro,-0.031128149832775995,0.784,0.8242916666666666,1.0,0.9693513429036638,3) Uncertain significance
gyrA_p.Glu214Asp,0.0026291151261008724,0.471,0.8242916666666666,1.0,1.0026325742801145,3) Uncertain significance
gyrA_p.Glu21Gln,0.04734515415030476,0.066,0.3441428571428572,1.0,1.0484838351804133,5) Not assoc w R
gyrA_p.Glu289Asp,0.040052590163761136,0.064,0.33855072463768116,1.0,1.040865512040771,3) Uncertain significance
gyrA_p.Glu289Gln,-0.02932798903933269,0.801,0.8242916666666666,1.0,0.9710979027588625,3) Uncertain significance
gyrA_p.Glu412Gly,-0.02558017598930328,0.807,0.8242916666666666,1.0,0.9747442247502002,3) Uncertain significance
gyrA_p.Glu508Ala,-0.01841369353112332,0.811,0.8242916666666666,1.0,0.9817548027257719,3) Uncertain significance
gyrA_p.Glu719Gln,-0.020192302117254878,0.77,0.8242916666666666,1.0,0.9800101971493109,
gyrA_p.Glu739Gln,-0.044020590242624225,0.622,0.8242916666666666,1.0,0.9569342537617349,3) Uncertain significance
gyrA_p.Glu79Asp,-0.04402115525860573,0.617,0.8242916666666666,1.0,0.956933713078741,3) Uncertain significance
gyrA_p.Glu808Gln,-0.031128149832775908,0.795,0.8242916666666666,1.0,0.9693513429036639,3) Uncertain significance
gyrA_p.Gly247Ser,-0.05182423606964203,0.024,0.1622222222222222,1.0,0.9494957392803763,5) Not assoc w R
gyrA_p.Gly265Ser,-0.031128414745494784,0.795,0.8242916666666666,1.0,0.969351086110198,
gyrA_p.Gly294Ala,-0.02557950870801791,0.786,0.8242916666666666,1.0,0.9747448751789963,3) Uncertain significance
gyrA_p.Gly311Ala,-0.02557950870801791,0.794,0.8242916666666666,1.0,0.9747448751789963,3) Uncertain significance
gyrA_p.Gly63Ala,-0.025580175989303275,0.775,0.8242916666666666,1.0,0.9747442247502002,3) Uncertain significance
gyrA_p.Gly63Arg,-0.031129013830938822,0.789,0.8242916666666666,1.0,0.9693505053862461,3) Uncertain significance
gyrA_p.Gly668Asp,0.9486929019446945,0.0,0.0,0.0,2.5823320911358523,5) Not assoc w R
gyrA_p.Gly694Ala,-0.041474512936788485,0.631,0.8242916666666666,1.0,0.9593737866502188,
gyrA_p.Gly729Arg,-0.038192662145447955,0.266,0.8242916666666666,1.0,0.9625274804167371,3) Uncertain significance
gyrA_p.Gly744Ala,-0.031129013830938808,0.785,0.8242916666666666,1.0,0.9693505053862462,3) Uncertain significance
gyrA_p.Gly780Cys,-0.015501841071456142,0.786,0.8242916666666666,1.0,0.9846176939985326,3) Uncertain significance
gyrA_p.Gly795Arg,-0.036149750614742085,0.641,0.8242916666666666,1.0,0.9644958488217773,3) Uncertain significance
gyrA_p.Gly823Cys,-0.03112854927188348,0.806,0.8242916666666666,1.0,0.9693509557069059,
gyrA_p.Gly832Arg,-0.025579508708017912,0.76,0.8242916666666666,1.0,0.9747448751789963,3) Uncertain significance
gyrA_p.Gly88Ala,0.10132119236847531,0.0,0.0,0.0,1.1066320264485496,2) Assoc w R - Interim
gyrA_p.Gly88Asp,0.08207717226624306,0.0,0.0,0.0,1.0855395801466314,
gyrA_p.Gly88Cys,0.29745479676607817,0.0,0.0,0.0,1.3464275110994122,1) Assoc w R
gyrA_p.His389Pro,-0.031128464252595946,0.799,0.8242916666666666,1.0,0.969351038120437,3) Uncertain significance
gyrA_p.His70Arg,0.0420853230206944,0.048,0.27809523809523806,1.0,1.042983465454209,3) Uncertain significance
gyrA_p.Ile15Val,-0.0992397715883534,0.0,0.0,0.0,0.9055255626894874,3) Uncertain significance
gyrA_p.Ile314Val,-0.015502260387501169,0.792,0.8242916666666666,1.0,0.9846172811326219,3) Uncertain significance
gyrA_p.Ile328Leu,0.07214835180008697,0.0,0.0,0.0,1.0748147829448087,
gyrA_p.Ile427Val,-0.031128549271883403,0.789,0.8242916666666666,1.0,0.9693509557069059,3) Uncertain significance
gyrA_p.Ile462Val,-0.0034920148591656617,0.308,0.8242916666666666,1.0,0.9965140751338782,3) Uncertain significance
gyrA_p.Ile554Val,-0.025580594398051604,0.802,0.8242916666666666,1.0,0.9747438169087744,
gyrA_p.Ile815Met,-0.0285848889179415,0.635,0.8242916666666666,1.0,0.9718197939137689,3) Uncertain significance
gyrA_p.Ile92Val,0.03165957360324691,0.201,0.751470588235294,1.0,1.032166068913709,
gyrA_p.Leu134Met,-0.07507438119287861,0.0,0.0,0.0,0.9276744822276899,3) Uncertain significance
gyrA_p.Leu296Pro,-0.05714862819523582,0.303,0.8242916666666666,1.0,0.9444536864874483,3) Uncertain significance
gyrA_p.Leu346Val,-0.14906345248327962,0.0,0.0,0.0,0.8615144479334966,3) Uncertain significance
gyrA_p.Leu398Phe,-0.08539011702183069,0.0,0.0,0.0,0.9181540270102486,3) Uncertain significance
gyrA_p.Leu566Trp,-0.009222242943022553,0.8,0.8242916666666666,1.0,0.9908201515153344,
gyrA_p.Leu653Val,-0.031128414745494826,0.799,0.8242916666666666,1.0,0.969351086110198,3) Uncertain significance
gyrA_p.Leu659Val,-0.055997220210782635,0.313,0.8242916666666666,1.0,0.945541764293544,3) Uncertain significance
gyrA_p.Leu711Met,-0.08838627261219156,0.204,0.751470588235294,1.0,0.915407211687287,3) Uncertain significance
gyrA_p.Leu724Val,-0.031128414745494742,0.802,0.8242916666666666,1.0,0.9693510861101982,
gyrA_p.Leu766Ser,-0.01841329869273303,0.779,0.8242916666666666,1.0,0.9817551903603343,3) Uncertain significance
gyrA_p.Leu812Val,0.09295056411915685,0.0,0.0,0.0,1.097407482621532,
gyrA_p.Lys319Glu,-0.03112854927188336,0.78,0.8242916666666666,1.0,0.969350955706906,3) Uncertain significance
gyrA_p.Lys636Glu,-0.02558104251780237,0.789,0.8242916666666666,1.0,0.9747433801069161,3) Uncertain significance
gyrA_p.Lys799Arg,-0.02019230211725487,0.788,0.8242916666666666,1.0,0.9800101971493109,
gyrA_p.Met141Thr,-0.031128549271883414,0.766,0.8242916666666666,1.0,0.9693509557069059,3) Uncertain significance
gyrA_p.Met220Arg,0.04776699115376377,0.189,0.751470588235294,1.0,1.0489262177597318,3) Uncertain significance
gyrA_p.Met438Ile,-0.025580175989303212,0.773,0.8242916666666666,1.0,0.9747442247502003,3) Uncertain significance
gyrA_p.Met804Val,-0.029328069564262888,0.801,0.8242916666666666,1.0,0.9710978245612748,
gyrA_p.Phe152Leu,-0.053923458650265155,0.512,0.8242916666666666,1.0,0.9475046270093854,3) Uncertain significance
gyrA_p.Phe683Leu,-0.025579508708017867,0.805,0.8242916666666666,1.0,0.9747448751789964,3) Uncertain significance
gyrA_p.Phe705Leu,-0.05679750421951937,0.77,0.8242916666666666,1.0,0.9447853650474676,3) Uncertain significance
gyrA_p.Pro119Leu,-0.025580594398051607,0.787,0.8242916666666666,1.0,0.9747438169087744,3) Uncertain significance
gyrA_p.Pro123Gln,-0.05391290605824363,0.484,0.8242916666666666,1.0,0.9475146256919087,
gyrA_p.Pro154Arg,-0.0345412005541631,0.8,0.8242916666666666,1.0,0.9660485371314753,3) Uncertain significance
gyrA_p.Pro17Leu,-0.031128549271883337,0.811,0.8242916666666666,1.0,0.969350955706906,3) Uncertain significance
gyrA_p.Pro17Ser,-0.03911060289318061,0.633,0.8242916666666666,1.0,0.961644342617748,3) Uncertain significance
gyrA_p.Pro472Ser,-0.07625308434488123,0.251,0.8242916666666666,1.0,0.9265816735664861,3) Uncertain significance
gyrA_p.Pro621Leu,-0.034541472776700846,0.78,0.8242916666666666,1.0,0.9660482741513268,
gyrA_p.Pro66Ala,-0.03454147277670082,0.795,0.8242916666666666,1.0,0.9660482741513268,
gyrA_p.Pro741Ala,-0.025750281891565294,0.802,0.8242916666666666,1.0,0.974578429106183,
gyrA_p.Pro8Ala,-0.10781969131397293,0.062,0.3377611940298508,1.0,0.897789461075251,3) Uncertain significance
gyrA_p.Pro8Leu,-0.05648476565773827,0.0,0.0,0.0,0.9450808820711002,
gyrA_p.Ser104Leu,-0.031129013830938843,0.803,0.8242916666666666,1.0,0.9693505053862461,3) Uncertain significance
gyrA_p.Ser168Thr,-0.015501841071456142,0.786,0.8242916666666666,1.0,0.9846176939985326,3) Uncertain significance
gyrA_p.Ser237Ala,-0.039192199443308796,0.786,0.8242916666666666,1.0,0.9615658789581656,3) Uncertain significance
gyrA_p.Ser536Arg,-0.034541200554163105,0.794,0.8242916666666666,1.0,0.9660485371314753,3) Uncertain significance
gyrA_p.Ser62Phe,-0.025580175989303247,0.802,0.8242916666666666,1.0,0.9747442247502002,3) Uncertain significance
gyrA_p.Ser645Leu,-0.029330004821943426,0.801,0.8242916666666666,1.0,0.9710959452385698,
gyrA_p.Ser69Gly,-0.03617402106357684,0.634,0.8242916666666666,1.0,0.9644724403586953,3) Uncertain significance
gyrA_p.Ser728Ala,-0.025579508708017864,0.76,0.8242916666666666,1.0,0.9747448751789964,3) Uncertain significance
gyrA_p.Ser91Pro,0.5297212638079765,0.0,0.0,0.0,1.6984588206885174,1) Assoc w R
gyrA_p.Ser95Ala,-0.09804892868881314,0.034,0.2139655172413793,1.0,0.906604543697095,3) Uncertain significance
gyrA_p.Ser95Thr,-1.0698174867351424,0.0,0.0,0.0,0.3430711267364364,5) Not assoc w R
gyrA_p.Ter839ext*?,-0.018413103908281717,0.807,0.8242916666666666,1.0,0.9817553815909991,
gyrA_p.Thr272Ile,-0.031128549271883462,0.771,0.8242916666666666,1.0,0.9693509557069059,3) Uncertain significance
gyrA_p.Thr355Met,-0.02557950870801791,0.763,0.8242916666666666,1.0,0.9747448751789963,3) Uncertain significance
gyrA_p.Thr377Ile,-0.044275505115505986,0.488,0.8242916666666666,1.0,0.9566903480769952,3) Uncertain significance
gyrA_p.Thr5Ala,0.061511552555813934,0.0,0.0,0.0,1.0634427819399288,3) Uncertain significance
gyrA_p.Thr697Ala,-0.031128549271883,0.8,0.8242916666666666,1.0,0.9693509557069063,3) Uncertain significance
gyrA_p.Thr80Ala,-0.05868658735481432,0.118,0.5715131578947368,1.0,0.9430022716839511,4) Not assoc w R - Interim
gyrA_p.Thr836Ala,-0.025580175989302647,0.798,0.8242916666666666,1.0,0.9747442247502008,
gyrA_p.Thr836Arg,-0.06961248023135051,0.328,0.8242916666666666,1.0,0.9327552109618951,3) Uncertain significance
gyrA_p.Thr836Lys,-0.04888052897801511,0.616,0.8242916666666666,1.0,0.9522948945468507,3) Uncertain significance
gyrA_p.Tyr276His,-0.025580594398051666,0.823,0.826,1.0,0.9747438169087744,3) Uncertain significance
gyrA_p.Tyr365His,-0.031128549271883358,0.785,0.8242916666666666,1.0,0.969350955706906,3) Uncertain significance
gyrA_p.Tyr379Cys,0.007945685923143977,0.294,0.8242916666666666,1.0,1.007977336658938,3) Uncertain significance
gyrA_p.Val278Ile,-0.03112846425259595,0.796,0.8242916666666666,1.0,0.969351038120437,
gyrA_p.Val352Met,-0.02558104251780236,0.774,0.8242916666666666,1.0,0.9747433801069161,3) Uncertain significance
gyrA_p.Val479Met,-0.037049322973105196,0.62,0.8242916666666666,1.0,0.9636286051491225,3) Uncertain significance
gyrA_p.Val624Leu,-0.026977666283758247,0.628,0.8242916666666666,1.0,0.9733829805408614,3) Uncertain significance
gyrA_p.Val649Met,-0.029344394951362533,0.776,0.8242916666666666,1.0,0.9710819711427842,3) Uncertain significance
gyrA_p.Val651Ile,-0.03112841474549473,0.785,0.8242916666666666,1.0,0.9693510861101982,3) Uncertain significance
gyrA_p.Val750Ala,-0.03112854927188342,0.778,0.8242916666666666,1.0,0.9693509557069059,3) Uncertain significance
gyrB_c.-100C>T,-0.059802935690951686,0.131,0.6209740259740261,1.0,0.94195014004895,3) Uncertain significance
gyrB_c.-10T>C,-0.02934439495136247,0.798,0.8242916666666666,1.0,0.9710819711427843,3) Uncertain significance
gyrB_c.-19T>C,-0.03454367211076933,0.786,0.8242916666666666,1.0,0.966046149490782,
gyrB_c.-1C>G,-0.07625451555194111,0.245,0.8242916666666666,1.0,0.9265803474372023,3) Uncertain significance
gyrB_c.-1C>T,-0.06739628294286011,0.0,0.0,0.0,0.9348246728521503,
gyrB_c.-26C>G,-0.04147502076050236,0.624,0.8242916666666666,1.0,0.9593732994575832,3) Uncertain significance
gyrB_c.-37C>T,-0.025580594398051586,0.791,0.8242916666666666,1.0,0.9747438169087745,3) Uncertain significance
gyrB_c.-39A>G,-0.031128149832775967,0.784,0.8242916666666666,1.0,0.9693513429036638,
gyrB_c.-4G>A,-0.02934439495136247,0.782,0.8242916666666666,1.0,0.9710819711427843,3) Uncertain significance
gyrB_c.-53C>G,-0.03617555573647765,0.614,0.8242916666666666,1.0,0.9644709602101132,3) Uncertain significance
gyrB_c.-54C>T,-0.04403001539612916,0.666,0.8242916666666666,1.0,0.9569252345520028,3) Uncertain significance
gyrB_c.-55C>T,-0.031128549271883358,0.784,0.8242916666666666,1.0,0.969350955706906,3) Uncertain significance
gyrB_c.-55delC,-0.09029444173932562,0.276,0.8242916666666666,1.0,0.9136621253965856,3) Uncertain significance
gyrB_c.-58C>G,-0.03112846425259593,0.791,0.8242916666666666,1.0,0.969351038120437,3) Uncertain significance
gyrB_c.-5G>A,-0.03454120055416321,0.783,0.8242916666666666,1.0,0.9660485371314752,
gyrB_c.-60T>C,-0.03112854927188343,0.804,0.8242916666666666,1.0,0.9693509557069059,3) Uncertain significance
gyrB_c.-60_-59insG,0.07676202351738522,0.013,0.09683673469387755,1.0,1.0797850823586654,3) Uncertain significance
gyrB_c.-60_-59insGC,0.03705173716029142,0.21,0.751470588235294,1.0,1.0377467095171473,3) Uncertain significance
gyrB_c.-80C>A,-0.031129013830938804,0.788,0.8242916666666666,1.0,0.9693505053862462,3) Uncertain significance
gyrB_c.-95G>C,-0.0363857283056662,0.639,0.8242916666666666,1.0,0.9642682761705569,3) Uncertain significance
gyrB_p.Ala162Ser,-0.029328689403276084,0.788,0.8242916666666666,1.0,0.9710972226371442,3) Uncertain significance
gyrB_p.Ala175Thr,-0.031128149832776012,0.784,0.8242916666666666,1.0,0.9693513429036638,3) Uncertain significance
gyrB_p.Ala191Asp,-0.031128464252595932,0.807,0.8242916666666666,1.0,0.969351038120437,
gyrB_p.Ala233Pro,0.04476858213136239,0.049,0.279453125,1.0,1.045785818378289,3) Uncertain significance
gyrB_p.Ala238Thr,-0.02934819059543284,0.785,0.8242916666666666,1.0,0.9710782852682538,3) Uncertain significance
gyrB_p.Ala332Val,-0.0345436721107693,0.794,0.8242916666666666,1.0,0.966046149490782,3) Uncertain significance
gyrB_p.Ala398Val,-0.06602266441443255,0.49,0.8242916666666666,1.0,0.9361096476741795,3) Uncertain significance
gyrB_p.Ala403Ser,-0.2410158464024402,0.0,0.0,0.0,0.7858291737243447,3) Uncertain significance
gyrB_p.Ala419Ser,-0.03112846425259596,0.804,0.8242916666666666,1.0,0.969351038120437,
gyrB_p.Ala432Val,-0.02558059439805162,0.773,0.8242916666666666,1.0,0.9747438169087744,3) Uncertain significance
gyrB_p.Ala467Thr,0.031655764028108144,0.2,0.751470588235294,1.0,1.0321621368070037,3) Uncertain significance
gyrB_p.Ala504Thr,0.038034398118109165,0.027,0.1791818181818182,1.0,1.0387669638926662,3) Uncertain significance
gyrB_p.Ala504Val,0.18164479654760557,0.0,0.0,0.0,1.1991881624450584,2) Assoc w R - Interim
gyrB_p.Ala593Val,-0.0690780168138873,0.403,0.8242916666666666,1.0,0.9332538677446364,3) Uncertain significance
gyrB_p.Ala618Thr,0.016348142601683182,0.39,0.8242916666666666,1.0,1.016482504676484,3) Uncertain significance
gyrB_p.Ala643Asp,0.05395152352232022,0.187,0.751470588235294,1.0,1.0554334372194802,3) Uncertain significance
gyrB_p.Ala644Asp,-0.03112814983277597,0.783,0.8242916666666666,1.0,0.9693513429036638,3) Uncertain significance
gyrB_p.Ala644del,-0.09124454000367195,0.017,0.11707547169811322,1.0,0.9127944688418091,3) Uncertain significance
gyrB_p.Ala87Gly,-0.031128149832776016,0.811,0.8242916666666666,1.0,0.9693513429036638,
gyrB_p.Ala90Gly,-0.03112901383093886,0.802,0.8242916666666666,1.0,0.9693505053862461,3) Uncertain significance
gyrB_p.Arg192His,-0.02145278295545539,0.763,0.8242916666666666,1.0,0.9787756912735134,
gyrB_p.Arg212Thr,-0.01841329869273303,0.779,0.8242916666666666,1.0,0.9817551903603343,3) Uncertain significance
gyrB_p.Arg446Cys,0.08689073963091952,0.001,0.008488372093023255,0.365,1.0907774944556545,3) Uncertain significance
gyrB_p.Arg446His,-0.053924257712604604,0.506,0.8242916666666666,1.0,0.947503869894424,3) Uncertain significance
gyrB_p.Arg495Gln,-0.028500302522526024,0.791,0.8242916666666666,1.0,0.971902000123844,
gyrB_p.Arg523Ser,-0.03112854927188341,0.794,0.8242916666666666,1.0,0.9693509557069059,3) Uncertain significance
gyrB_p.Arg553Trp,-0.031128464252595946,0.802,0.8242916666666666,1.0,0.969351038120437,
gyrB_p.Arg575His,0.011417636342313721,0.332,0.8242916666666666,1.0,1.011483066333638,3) Uncertain significance
gyrB_p.Arg587Gly,-0.018413298692732994,0.813,0.8242916666666666,1.0,0.9817551903603343,3) Uncertain significance
gyrB_p.Arg665Cys,-0.025580594398051586,0.788,0.8242916666666666,1.0,0.9747438169087745,3) Uncertain significance
gyrB_p.Asn499Asp,0.11992105589454742,0.001,0.008488372093023255,0.365,1.1274078458623118,2) Assoc w R - Interim
gyrB_p.Asn499Lys,0.09356026540941176,0.006,0.046595744680851064,1.0,1.0980767773938316,3) Uncertain significance
gyrB_p.Asn499Ser,0.03152953825447179,0.06,0.3318181818181818,1.0,1.032031859565113,3) Uncertain significance
gyrB_p.Asn499Thr,0.09421264000108548,0.0,0.0,0.0,1.098793368500611,3) Uncertain significance
gyrB_p.Asn66Ser,-0.036175555736477794,0.641,0.8242916666666666,1.0,0.964470960210113,3) Uncertain significance
gyrB_p.Asp110Gly,-0.031128464252595862,0.793,0.8242916666666666,1.0,0.9693510381204371,
gyrB_p.Asp112His,-0.0345414727767008,0.786,0.8242916666666666,1.0,0.9660482741513268,3) Uncertain significance
gyrB_p.Asp225Glu,-0.031128549271883472,0.797,0.8242916666666666,1.0,0.9693509557069059,
gyrB_p.Asp259Glu,-0.031129013830938874,0.77,0.8242916666666666,1.0,0.9693505053862461,3) Uncertain significance
gyrB_p.Asp340Gly,-0.007709465428374754,0.791,0.8242916666666666,1.0,0.9923201762774058,3) Uncertain significance
gyrB_p.Asp342Glu,-0.031128464252595925,0.787,0.8242916666666666,1.0,0.969351038120437,3) Uncertain significance
gyrB_p.Asp434Glu,-0.031128549271883414,0.795,0.8242916666666666,1.0,0.9693509557069059,3) Uncertain significance
gyrB_p.Asp434Gly,-0.03454120055416319,0.799,0.8242916666666666,1.0,0.9660485371314752,3) Uncertain significance
gyrB_p.Asp461Ala,0.05198281678653891,0.006,0.046595744680851064,1.0,1.0533576422886368,3) Uncertain significance
gyrB_p.Asp461Asn,-0.030893513874590325,0.112,0.5524324324324325,1.0,0.9695788142702619,2) Assoc w R - Interim
gyrB_p.Asp461His,0.0194361516932618,0.347,0.8242916666666666,1.0,1.0196262633718847,3) Uncertain significance
gyrB_p.Asp461Val,0.01634813757145087,0.395,0.8242916666666666,1.0,1.0164824995633408,
gyrB_p.Asp472Asn,0.031659573603246914,0.205,0.751470588235294,1.0,1.032166068913709,
gyrB_p.Asp494Ala,-0.031128149832775936,0.782,0.8242916666666666,1.0,0.9693513429036639,3) Uncertain significance
gyrB_p.Asp518Gly,-0.03454375143374489,0.776,0.8242916666666666,1.0,0.96604607286113,3) Uncertain significance
gyrB_p.Asp588Asn,-0.06739748480827033,0.0,0.0,0.0,0.9348235493193866,3) Uncertain significance
gyrB_p.Asp617Tyr,-0.09125167581292534,0.016,0.11230769230769232,1.0,0.9127879553378316,3) Uncertain significance
gyrB_p.Asp627Ala,-0.05982341568691905,0.482,0.8242916666666666,1.0,0.9419308491114201,
gyrB_p.Asp645Glu,0.0370546185702599,0.201,0.751470588235294,1.0,1.037749699695169,
gyrB_p.Asp657Gly,-0.08538983994598001,0.0,0.0,0.0,0.918154281408592,
gyrB_p.Asp97Glu,-0.034543751433744996,0.809,0.8242916666666666,1.0,0.9660460728611299,
gyrB_p.Gln476Glu,-0.025580594398050736,0.796,0.8242916666666666,1.0,0.9747438169087753,3) Uncertain significance
gyrB_p.Gln4Arg,-0.03112814983277595,0.824,0.826,1.0,0.9693513429036638,
gyrB_p.Gln503Arg,0.004572765259661333,0.202,0.751470588235294,1.0,1.0045832363051819,3) Uncertain significance
gyrB_p.Gln538Arg,-0.0285848889179415,0.635,0.8242916666666666,1.0,0.9718197939137689,3) Uncertain significance
gyrB_p.Glu21Asp,-0.03112854927188341,0.803,0.8242916666666666,1.0,0.9693509557069059,3) Uncertain significance
gyrB_p.Glu21Lys,-0.029349496288197028,0.818,0.8247790055248618,1.0,0.971077017339191,3) Uncertain significance
gyrB_p.Glu299Gln,-0.031128149832775974,0.795,0.8242916666666666,1.0,0.9693513429036638,3) Uncertain significance
gyrB_p.Glu379Gly,-0.029344394951362443,0.798,0.8242916666666666,1.0,0.9710819711427843,3) Uncertain significance
gyrB_p.Glu397Asp,-0.006396809430497384,0.64,0.8242916666666666,1.0,0.9936236065992679,3) Uncertain significance
gyrB_p.Glu489Gln,-0.04402999308733314,0.607,0.8242916666666666,1.0,0.956925255899853,
gyrB_p.Glu501Ala,0.04281297675222743,0.232,0.8023113207547171,1.0,1.0437426724511774,3) Uncertain significance
gyrB_p.Glu501Asp,0.40697687007170635,0.0,0.0,0.0,1.5022693578775697,1) Assoc w R
gyrB_p.Glu501Gly,0.04776926477078161,0.181,0.751470588235294,1.0,1.0489286026189422,3) Uncertain significance
gyrB_p.Glu501Val,-0.031128549271883445,0.765,0.8242916666666666,1.0,0.9693509557069059,2) Assoc w R - Interim
gyrB_p.Glu586Lys,-0.025580594398051583,0.797,0.8242916666666666,1.0,0.9747438169087745,3) Uncertain significance
gyrB_p.Glu604Gly,0.047643624537647505,0.207,0.751470588235294,1.0,1.048796823263336,
gyrB_p.Glu604Lys,-0.02934439495136253,0.783,0.8242916666666666,1.0,0.9710819711427842,3) Uncertain significance
gyrB_p.Glu76Asp,-0.031128464252595946,0.793,0.8242916666666666,1.0,0.969351038120437,
gyrB_p.Gly282Asp,-0.034543751433744996,0.797,0.8242916666666666,1.0,0.9660460728611299,3) Uncertain significance
gyrB_p.Gly470Cys,-0.03962937137876198,0.286,0.8242916666666666,1.0,0.9611456012153065,3) Uncertain significance
gyrB_p.Gly512Arg,0.158198856888433,0.0,0.0,0.0,1.1713991123308563,3) Uncertain significance
gyrB_p.Gly520Ala,-0.030042150938888783,0.803,0.8242916666666666,1.0,0.9704046292202126,3) Uncertain significance
gyrB_p.Gly606Ser,-0.025579508708017902,0.791,0.8242916666666666,1.0,0.9747448751789964,3) Uncertain significance
gyrB_p.His272Pro,-0.034543751433744926,0.767,0.8242916666666666,1.0,0.9660460728611299,3) Uncertain significance
gyrB_p.His302Arg,0.012144173105955605,0.363,0.8242916666666666,1.0,1.0122182129903294,3) Uncertain significance
gyrB_p.His311Arg,-0.013012900024037122,0.8,0.8242916666666666,1.0,0.9870714016933494,3) Uncertain significance
gyrB_p.His311Tyr,-0.03112854927188348,0.791,0.8242916666666666,1.0,0.9693509557069059,
gyrB_p.Ile271Val,-0.02558059439805165,0.788,0.8242916666666666,1.0,0.9747438169087744,3) Uncertain significance
gyrB_p.Ile34Val,-0.03475315858835674,0.408,0.8242916666666666,1.0,0.965843797081525,3) Uncertain significance
gyrB_p.Ile486Leu,0.052397368265982375,0.048,0.27809523809523806,1.0,1.0537944037814373,3) Uncertain significance
gyrB_p.Ile493Thr,-0.005652591151196957,0.477,0.8242916666666666,1.0,0.9943633546829234,3) Uncertain significance
gyrB_p.Ile505Val,-0.01174420194311934,0.798,0.8242916666666666,1.0,0.9883244920149691,3) Uncertain significance
gyrB_p.Ile556Val,-0.031128464252595942,0.794,0.8242916666666666,1.0,0.969351038120437,3) Uncertain significance
gyrB_p.Ile607Val,-0.04147490684048092,0.597,0.8242916666666666,1.0,0.9593734087494162,3) Uncertain significance
gyrB_p.Ile84Val,-0.09197967634779644,0.142,0.6644871794871794,1.0,0.912123687041297,3) Uncertain significance
gyrB_p.Ile93Val,-0.005652591151196957,0.477,0.8242916666666666,1.0,0.9943633546829234,3) Uncertain significance
gyrB_p.Leu156Met,-0.031128549271883334,0.798,0.8242916666666666,1.0,0.969350955706906,3) Uncertain significance
gyrB_p.Leu354Val,-0.04888057484804833,0.643,0.8242916666666666,1.0,0.9522948508650533,3) Uncertain significance
gyrB_p.Leu375Val,0.0246957382128605,0.157,0.7163125,1.0,1.025003203768058,3) Uncertain significance
gyrB_p.Leu555Val,0.04405193868286678,0.209,0.751470588235294,1.0,1.0450366313050863,3) Uncertain significance
gyrB_p.Leu69Val,-0.036149315287599494,0.621,0.8242916666666666,1.0,0.9644962686930906,3) Uncertain significance
gyrB_p.Lys159Met,-0.025580594398051607,0.803,0.8242916666666666,1.0,0.9747438169087744,3) Uncertain significance
gyrB_p.Lys339Arg,-0.028500490722717275,0.794,0.8242916666666666,1.0,0.9719018172117189,
gyrB_p.Lys404Arg,0.027936977551788842,0.069,0.3547183098591549,1.0,1.028330874449926,3) Uncertain significance
gyrB_p.Lys526Gln,-0.05864520274058789,0.057,0.3200769230769231,1.0,0.9430412982767241,3) Uncertain significance
gyrB_p.Lys596Asn,-0.031128414745494767,0.765,0.8242916666666666,1.0,0.969351086110198,
gyrB_p.Lys599Arg,0.03165576402810797,0.21,0.751470588235294,1.0,1.0321621368070035,3) Uncertain significance
gyrB_p.Lys7Gln,-0.029328689403276178,0.795,0.8242916666666666,1.0,0.971097222637144,3) Uncertain significance
gyrB_p.Met100Val,0.03751715552032099,0.201,0.751470588235294,1.0,1.0382298083016184,3) Uncertain significance
gyrB_p.Met197Ile,-0.01036077104680868,0.789,0.8242916666666666,1.0,0.9896927168568446,3) Uncertain significance
gyrB_p.Met291Ile,0.1296946022592267,0.108,0.5399999999999999,1.0,1.1384806408118175,5) Not assoc w R
gyrB_p.Met58Ile,-0.06226490806412101,0.422,0.8242916666666666,1.0,0.9396339372108802,
gyrB_p.Met616Val,-0.03112846425259592,0.798,0.8242916666666666,1.0,0.969351038120437,3) Uncertain significance
gyrB_p.Phe672Val,-0.03112841474549478,0.792,0.8242916666666666,1.0,0.969351086110198,
gyrB_p.Pro163Ser,-0.044029993087332894,0.62,0.8242916666666666,1.0,0.9569252558998532,3) Uncertain significance
gyrB_p.Pro177Arg,-0.01841369353112332,0.811,0.8242916666666666,1.0,0.9817548027257719,3) Uncertain significance
gyrB_p.Pro177His,-0.031128149832776005,0.803,0.8242916666666666,1.0,0.9693513429036638,
gyrB_p.Pro177Leu,-0.04403000934940349,0.638,0.8242916666666666,1.0,0.9569252403382672,3) Uncertain significance
gyrB_p.Pro254Leu,0.0564227225514991,0.001,0.008488372093023255,0.365,1.0580448486346243,3) Uncertain significance
gyrB_p.Pro343Leu,-0.048880590239783056,0.643,0.8242916666666666,1.0,0.9522948362075836,
gyrB_p.Pro439Ala,-0.03112854927188331,0.77,0.8242916666666666,1.0,0.969350955706906,3) Uncertain significance
gyrB_p.Pro450Arg,-0.12075432760610016,0.0,0.0,0.0,0.8862516604172517,
gyrB_p.Pro578Ala,-0.055343930338757515,0.49,0.8242916666666666,1.0,0.9461596789684567,3) Uncertain significance
gyrB_p.Pro578Ser,0.09295113016946609,0.0,0.0,0.0,1.097408103809553,3) Uncertain significance
gyrB_p.Pro94Leu,-0.10753969727384963,0.0,0.0,0.0,0.898040871968771,5) Not assoc w R
gyrB_p.Ser16Cys,-0.06739449927244402,0.0,0.0,0.0,0.9348263402727506,3) Uncertain significance
gyrB_p.Ser273Gly,-0.03454120055416315,0.797,0.8242916666666666,1.0,0.9660485371314752,
gyrB_p.Ser274Arg,-0.04021422975451706,0.484,0.8242916666666666,1.0,0.9605836315124783,3) Uncertain significance
gyrB_p.Ser274Gly,-0.044021812377169955,0.63,0.8242916666666666,1.0,0.95693308426004,
gyrB_p.Ser359Thr,-0.031128149832776012,0.795,0.8242916666666666,1.0,0.9693513429036638,
gyrB_p.Ser363Arg,-0.04403001539612924,0.632,0.8242916666666666,1.0,0.9569252345520027,3) Uncertain significance
gyrB_p.Ser447Ala,0.0673769269645082,0.039,0.23725000000000002,1.0,1.0696986004424045,
gyrB_p.Ser447Phe,0.0445057304106001,0.03,0.19210526315789472,1.0,1.0455109679004224,3) Uncertain significance
gyrB_p.Ser447Tyr,-0.031128149832775932,0.794,0.8242916666666666,1.0,0.9693513429036639,3) Uncertain significance
gyrB_p.Ser576Gly,-0.044030015396129184,0.617,0.8242916666666666,1.0,0.9569252345520028,3) Uncertain significance
gyrB_p.Ser576Ile,-0.0718782738418712,0.233,0.8023113207547171,1.0,0.9306441726564106,3) Uncertain significance
gyrB_p.Thr170Ala,-0.0017227943228266898,0.783,0.8242916666666666,1.0,0.9982786888354649,3) Uncertain significance
gyrB_p.Thr170Lys,-0.029349496288197104,0.791,0.8242916666666666,1.0,0.9710770173391909,3) Uncertain significance
gyrB_p.Thr189Pro,-0.029328069564262833,0.808,0.8242916666666666,1.0,0.9710978245612749,3) Uncertain significance
gyrB_p.Thr373Ala,-0.020192302117254878,0.77,0.8242916666666666,1.0,0.9800101971493109,
gyrB_p.Thr378Ser,-0.0696124818162695,0.301,0.8242916666666666,1.0,0.9327552094835536,3) Uncertain significance
gyrB_p.Thr393Ser,-0.038192662145447955,0.266,0.8242916666666666,1.0,0.9625274804167371,3) Uncertain significance
gyrB_p.Thr500Ala,0.045613633134382874,0.035,0.2165254237288136,1.0,1.0466699342419399,3) Uncertain significance
gyrB_p.Thr500Asn,0.16367223922931046,0.0,0.0,0.0,1.1778282059399432,3) Uncertain significance
gyrB_p.Thr500Ile,0.016348136684509317,0.358,0.8242916666666666,1.0,1.0164824986617802,3) Uncertain significance
gyrB_p.Tyr144Ser,-0.025580594398051566,0.803,0.8242916666666666,1.0,0.9747438169087745,
gyrB_p.Tyr253Ser,-0.04402181237716977,0.616,0.8242916666666666,1.0,0.9569330842600402,3) Uncertain significance
gyrB_p.Tyr582His,0.030817638690784036,0.222,0.7791346153846154,1.0,1.031297417989913,
gyrB_p.Val301Leu,-0.0363573031163314,0.119,0.5715131578947368,1.0,0.9642956860684405,5) Not assoc w R
gyrB_p.Val427Met,0.08274369969829501,0.003,0.024333333333333335,1.0,1.0862633632392247,3) Uncertain significance
gyrB_p.Val457Leu,0.006774476327157226,0.289,0.8242916666666666,1.0,1.006797474997227,3) Uncertain significance
gyrB_p.Val670Ile,-0.02558017598930288,0.797,0.8242916666666666,1.0,0.9747442247502006,3) Uncertain significance
gyrB_p.Val670Phe,0.018356230465092722,0.238,0.8118691588785046,1.0,1.0185257416705993,3) Uncertain significance
gyrB_p.Val68Ala,-0.031128414745494597,0.818,0.8247790055248618,1.0,0.9693510861101983,
