AUC,Sens,Spec,accuracy,mutation
0.019464930128129554,0.0802249851983422,0.002110311750599503,0.02765943712884067,rpoB_p.Ser450Leu
0.0212293173173429,0.08807820215660578,0.0028488675751389136,0.03014459075651943,rpoB_p.Ser450Leu
0.020669011052119712,0.08165450121654505,0.00579458206576855,0.030951458817454203,rpoB_p.Ser450Leu
0.022248335447534573,0.09755130365817388,-0.0017227353208594254,0.03059643687064295,rpoB_p.Ser450Leu
0.020952280089800324,0.08568016718081395,0.004442321471220367,0.03079008520526727,rpoB_p.Ser450Leu
0.02169669492336035,0.09186351706036744,0.000142328494164512,0.029466821585334313,rpoB_p.Ser450Leu
0.021257797223278474,0.08831168831168834,0.003909602364832621,0.031177381874515908,rpoB_p.Ser450Leu
0.023111578255131215,0.09125173576671297,0.0016266385991771104,0.03079008520526727,rpoB_p.Ser450Leu
0.02115711637286377,0.08442201108471892,0.0022988505747126853,0.029079524916085675,rpoB_p.Ser450Leu
0.02018456117139311,0.07863721897593345,0.006654857088140953,0.030112316034082043,rpoB_p.Ser450Leu
0.021262184612797275,0.09000100897992136,0.0014236226450908829,0.029757294087270902,rpoB_p.Ser450Leu
0.01980802512006241,0.08670008846947796,0.0011532362692806553,0.02924089852827272,rpoB_p.Ser450Leu
0.02276302069232261,0.09149676777722526,0.003583544364279212,0.032113348825200116,rpoB_p.Ser450Leu
0.021977871943972382,0.0831433951045486,0.005982865074426913,0.031112832429641135,rpoB_p.Ser450Leu
0.022544178733347908,0.08750251155314448,0.003471231573942024,0.030467337980893405,rpoB_p.Ser450Leu
0.020745841252898356,0.08529909425699211,0.00420308544681669,0.030499612703330792,rpoB_p.Ser450Leu
0.02115795731383696,0.08471012316010818,0.0015716530932989858,0.028369481022463172,rpoB_p.Ser450Leu
0.02127208162726779,0.08491228070175438,0.0042838783378551515,0.03024141492383159,rpoB_p.Ser450Leu
0.02197278623900767,0.08813358363798052,0.005176628481043055,0.03227472243738705,rpoB_p.Ser450Leu
0.02248727548088547,0.09304876832552111,0.0013360690938588604,0.031016008262328976,rpoB_p.Ser450Leu
0.023597807193195486,0.09148830263812846,0.004011652896508955,0.03237154660469921,rpoB_p.Ser450Leu
0.02239861409699917,0.09297232729444549,0.0001432801604738243,0.0302414149238317,rpoB_p.Ser450Leu
0.02279083769614354,0.08945561549779302,0.003559574775121477,0.03182287632326364,rpoB_p.Ser450Leu
0.022838893446841535,0.08734227129337546,0.004750479846449163,0.03179060160082625,rpoB_p.Ser450Leu
0.021527280371950286,0.08493123180403572,0.004613994196832061,0.03043506325845602,rpoB_p.Ser450Leu
0.022220292991082524,0.08198707592891752,0.004601518026565499,0.029337722695584878,rpoB_p.Ser450Leu
0.023277115852104124,0.09524278538363051,0.0029283279727329026,0.03317841466563387,rpoB_p.Ser450Leu
0.02300036022312535,0.09277512447921954,0.0034999763515111137,0.031855151045701025,rpoB_p.Ser450Leu
0.021022998672501902,0.09015910430170881,0.0012498798192481786,0.030467337980893405,rpoB_p.Ser450Leu
0.022398082127730645,0.08724832214765099,0.004795703050067157,0.031758326878388865,rpoB_p.Ser450Leu
0.022286838404293907,0.08865529551765172,0.0024880382775119836,0.03053188742576818,rpoB_p.Ser450Leu
0.022761228657007804,0.09200039358457157,0.0034100187310887042,0.03246837077201137,rpoB_p.Ser450Leu
0.021653383982922936,0.08776119402985083,0.0033916117321104444,0.030757810482829884,rpoB_p.Ser450Leu
0.022973585292469734,0.09278247884519664,0.00038206218061986874,0.03033823909114386,rpoB_p.Ser450Leu
0.020715900686516076,0.08544805709754155,0.0036370597243492453,0.030273689646269086,rpoB_p.Ser450Leu
0.02263321641515037,0.0888866818949251,0.00358594310303606,0.03130648076426534,rpoB_p.Ser450Leu
0.023138850509450526,0.09849385652001585,-0.0009573042312847058,0.031435579654015,rpoB_p.Ser450Leu
0.022106044867238883,0.08690476190476182,0.0038270187523918864,0.030854634650141932,rpoB_p.Ser450Leu
0.02005680078848804,0.08293603496225666,0.005115700898833397,0.030402788536018632,rpoB_p.Ser450Leu
0.020178050476528986,0.0823857969279872,0.004342017368069495,0.02959592047508397,rpoB_p.Ser450Leu
0.021477480432232188,0.08543013426156143,0.005160303884562123,0.031209656596953184,rpoB_p.Ser450Leu
0.021300475119874096,0.08467267738141904,0.003368623676612059,0.03014459075651943,rpoB_p.Ser450Leu
0.021824354845138005,0.0878619595398652,0.002679425837320615,0.030402788536018632,rpoB_p.Ser450Leu
0.021954889747836104,0.09001956947162426,-9.632055480646162e-05,0.029628195197521245,rpoB_p.Ser450Leu
0.021661828982857734,0.08852880150182796,0.002732109476106026,0.030757810482829884,rpoB_p.Ser450Leu
0.022173620552621287,0.08879849191388034,0.0028222913178664877,0.03079008520526727,rpoB_p.Ser450Leu
0.02256495636047806,0.08983903420523143,0.001045428625736533,0.029531371030209197,rpoB_p.Ser450Leu
0.021558756688178526,0.08578795993255983,0.003827568058944575,0.030499612703330792,rpoB_p.Ser450Leu
0.02218549625090427,0.08826770864642819,0.0025710612769603847,0.030176865478956816,rpoB_p.Ser450Leu
0.02195377100349638,0.08998200359928021,0.0015727766657134268,0.030112316034082154,rpoB_p.Ser450Leu
0.02138788110169476,0.08724565756823821,0.0031087091683007495,0.030467337980893405,rpoB_p.Ser450Leu
0.022887255854467714,0.09324631662216953,0.000814527334579096,0.03098373353989159,rpoB_p.Ser450Leu
0.023492015030243896,0.08754512635379064,0.002046449647820192,0.029563645752646472,rpoB_p.Ser450Leu
0.02252896475137056,0.09046135289978896,0.0032802472070357913,0.03127420604182807,rpoB_p.Ser450Leu
0.02167190974089117,0.09173760640961437,0.0030001428639458982,0.03159695326620193,rpoB_p.Ser450Leu
0.021726951991979493,0.09213372664700104,0.0036033439031422088,0.03266201910663569,rpoB_p.Ser450Leu
0.02200125675975184,0.08984842441164731,0.004008398549341541,0.03179060160082625,rpoB_p.Ser450Leu
0.021744556623801703,0.08771411695215603,0.005665994430039345,0.03256519493932353,rpoB_p.Ser450Leu
0.021468056309150052,0.08587976832434596,0.005197901764425361,0.03127420604182807,rpoB_p.Ser450Leu
0.021551720437040123,0.08635543979162497,0.0035710884677649934,0.03024141492383159,rpoB_p.Ser450Leu
0.0210052780677219,0.08198321296115563,0.005448934323464161,0.030757810482829884,rpoB_p.Ser450Leu
0.02288721379067904,0.09350520575111554,-4.784917938660538e-05,0.030402788536018632,rpoB_p.Ser450Leu
0.02249273823283604,0.09106139745737651,0.002159619906896393,0.03127420604182807,rpoB_p.Ser450Leu
0.021433636622863017,0.085600398604883,0.004439352713733302,0.030725535760392497,rpoB_p.Ser450Leu
0.02313108381827622,0.08742526707831033,0.006592560512006185,0.03321068938807126,rpoB_p.Ser450Leu
0.021505790695437565,0.08862909672262187,0.0,0.028627678801962375,rpoB_p.Ser450Leu
0.02245065081724884,0.08110543706818862,0.006905748440253379,0.030822359927704546,rpoB_p.Ser450Leu
0.022015883466381392,0.0906916483954554,0.0014797136038185998,0.030370513813581246,rpoB_p.Ser450Leu
0.02104609823613446,0.08865633330042455,0.004747063054423406,0.03217789827007489,rpoB_p.Ser450Leu
0.021579450890498286,0.08335009048863862,0.005846563361536328,0.030725535760392497,rpoB_p.Ser450Leu
0.021719308504971946,0.09022556390977443,0.0033319053738873894,0.031306480764265454,rpoB_p.Ser450Leu
0.021791028316117345,0.08498300339932008,0.0016204365646744767,0.028530854634650216,rpoB_p.Ser450Leu
0.021450500033521336,0.08568051999212134,0.002448391742678857,0.029725019364833516,rpoB_p.Ser450Leu
0.022497149273047023,0.0846802181457611,0.004019331068472187,0.030273689646269086,rpoB_p.Ser450Leu
0.02143010318893368,0.08439363817097423,0.00396673676161341,0.030080041311644767,rpoB_p.Ser450Leu
0.018679487775966064,0.08512535923099795,-4.786292059544284e-05,0.027691711851278056,rpoB_p.Ser450Leu
0.022796275350159823,0.09099054255848682,0.0021013419934095,0.030919184095016816,rpoB_p.Ser450Leu
0.020410796072351967,0.08986083499005959,-0.00143376027528197,0.02820810741027624,rpoB_p.Ser450Leu
0.023568704507922922,0.08825839387394463,0.007741128954707133,0.03421120578363024,rpoB_p.Ser450Leu
0.02040804729257273,0.08275515334338857,0.0011882694044393904,0.02736896462690419,rpoB_p.Ser450Leu
0.020830133936174278,0.0846650124069479,0.0035391458223731354,0.029918667699457724,rpoB_p.Ser450Leu
0.02051917666480374,0.08588351431391905,0.0006713340366356624,0.028530854634650105,rpoB_p.Ser450Leu
0.02118378998814774,0.08795372955723979,0.0027677037602595878,0.03033823909114375,rpoB_p.Ser450Leu
0.021907175894733122,0.08964696548988493,0.002870813397129135,0.031112832429641135,rpoB_p.Ser450Leu
0.020743694786184097,0.0849816121657887,0.0016728002676480447,0.028724502969274535,rpoB_p.Ser450Leu
0.01976152924662411,0.08491418247515814,0.002568859711716942,0.0290472501936484,rpoB_p.Ser450Leu
0.022023640293723612,0.09359364269596782,0.00322254821797896,0.032952491608572165,rpoB_p.Ser450Leu
0.022800047694194414,0.08604073522106315,0.0023901716143218676,0.029563645752646583,rpoB_p.Ser450Leu
0.022447499916301128,0.0919322709163346,0.002673796791443861,0.03159695326620193,rpoB_p.Ser450Leu
0.02191544454810157,0.09239239239239239,4.7632656949625485e-05,0.029821843532145675,rpoB_p.Ser450Leu
0.022632073068280745,0.08951483560545304,0.0009520182787510212,0.029466821585334424,rpoB_p.Ser450Leu
0.021039205170007902,0.08161648177496039,0.005984297204136402,0.030628711593080338,rpoB_p.Ser450Leu
0.020440637989743493,0.08708619147032504,0.0005734767025089571,0.02865995352439965,rpoB_p.Ser450Leu
0.02191471309206372,0.08721219974085515,0.004009355162044814,0.030951458817454203,rpoB_p.Ser450Leu
0.021976701598372728,0.08407388916625058,0.0060565596833421775,0.03127420604182807,rpoB_p.Ser450Leu
0.021883044103130356,0.09118146409667438,0.0014305469457822628,0.03043506325845602,rpoB_p.Ser450Leu
0.0196962487484601,0.0853235556436428,0.003924759488824092,0.03043506325845602,rpoB_p.Ser450Leu
0.019698621266002414,0.08247940526421538,0.002139800285306692,0.027949909630777148,rpoB_p.Ser450Leu
0.02145701627336627,0.08354052710094473,0.0037746667303740766,0.029660469919958632,rpoB_p.Ser450Leu
0.022134210703352197,0.09376253509827515,0.0016657148296211899,0.031306480764265454,rpoB_p.Ser450Leu
