mutation,S450L_noVariant_RProp,S450L_plusVariant_RProp,variant_increases,Odds_Ratio,TP,FP,TN,FN,PPV
rpoC_p.Val483Gly,0.9880679210647085,0.9820359281437125,0,1.351575097223054,1033,20,23844,10504,0.9810066476733144
rpoC_p.Ile491Thr,0.9871134020618557,0.9940119760479041,1,1.220469861030525,169,1,23863,11368,0.9941176470588236
rpoC_p.Glu1092Asp,0.9865403788634097,0.9901380670611439,1,1.215757215152518,1892,1095,22769,9645,0.6334114496149983
rpoC_p.Ile491Val,0.9872840359364202,0.9868421052631579,0,1.215200250736866,306,4,23860,11231,0.9870967741935484
rpoC_p.Asn698Ser,0.9870532703978422,1.0,1,1.209844880666526,127,0,23864,11410,1.0
rpoC_p.Pro1040Arg,0.9871794871794872,0.9922480620155039,1,1.196500841276517,133,1,23863,11404,0.9925373134328358
rpoC_p.Val483Ala,0.9876305662451896,0.9771863117870723,0,1.172427438345639,263,6,23858,11274,0.9776951672862454
rpoC_p.Val517Leu,0.9871071716357775,1.0,1,1.156235644224584,95,0,23864,11442,1.0
rpoC_p.Phe452Ser,0.987191586894971,0.9918032786885246,1,1.147906412983388,124,1,23863,11413,0.992
rpoA_p.Thr187Ala,0.9872019399164759,0.9913793103448276,1,1.144400258714274,116,1,23863,11421,0.9914529914529916
rpoB_p.Pro45Ser,0.9872,1.0,1,1.142999273021964,41,0,23864,11496,1.0
rpoC_p.Leu516Pro,0.9870828848223897,1.0,1,1.142446794172491,108,0,23864,11429,1.0
rpoC_p.Gly332Ser,0.9870828848223897,1.0,1,1.142293504203644,109,0,23864,11428,1.0
rpoB_p.His835Arg,0.9872085276482345,1.0,1,1.140651052716147,42,0,23864,11495,1.0
rpoC_p.Asn416Ser,0.9871948779511804,1.0,1,1.138472033287726,43,0,23864,11494,1.0
rpoA_p.Val183Gly,0.9872085276482345,1.0,1,1.133974947960936,38,0,23864,11499,1.0
rpoC_p.Asp485Asn,0.9871089029139251,1.0,1,1.126367821482984,92,0,23864,11445,1.0
rpoC_p.Glu750Asp,0.9872459147070546,1.0,1,1.124667172049785,15,0,23864,11522,1.0
rpoC_p.Leu527Val,0.9872705346375452,0.9868421052631579,0,1.120747321101563,76,1,23863,11461,0.987012987012987
rpoC_p.Trp484Gly,0.9871417090811679,1.0,1,1.11854417601778,79,0,23864,11458,1.0
Rv2752c_p.Asn30Ser,0.9872645263995755,1.0,1,1.105127384311052,9,7,23857,11528,0.5625
rpoC_p.Asn826Thr,0.9873198077949813,0.9787234042553191,0,1.103979727807705,48,1,23863,11489,0.979591836734694
rpoB_p.Ile488Val,0.9871382636655949,1.0,1,1.102402344318923,78,0,23864,11459,1.0
rpoB_p.Glu761Asp,0.9871175523349437,1.0,1,1.100288464032417,87,0,23864,11450,1.0
rpoC_p.Val1252Leu,0.9875234773276094,0.9647058823529412,0,1.099206903626332,82,3,23861,11455,0.9647058823529412
rpoB_p.Val496Met,0.9872459147070546,1.0,1,1.0991448207784,13,0,23864,11524,1.0
rpoC_p.Asp485Tyr,0.9874188311688312,0.9795918367346939,0,1.097444995588267,146,4,23860,11391,0.9733333333333334
rpoC_p.Val1039Ala,0.9871931696905016,1.0,1,1.095385589790374,43,0,23864,11494,1.0
rpoC_p.Gly519Asp,0.9871931696905016,1.0,1,1.094868091249654,46,0,23864,11491,1.0
rpoC_p.Leu507Val,0.9871794871794872,1.0,1,1.093647592886882,52,0,23864,11485,1.0
rpoC_p.Gly332Cys,0.9872391333244717,1.0,1,1.088919013534187,17,0,23864,11520,1.0
rpoB_p.Ser493Leu,0.987266215678472,,,1.085721811710688,13,0,23864,11524,1.0
rpoC_p.Gly332Arg,0.9872466102832596,0.9888888888888889,1,1.085284104467653,92,2,23862,11445,0.9787234042553192
rpoC_p.Ala521Asp,0.9871982931057475,1.0,1,1.083518198850458,41,0,23864,11496,1.0
rpoB_p.Ile491Met,0.987266215678472,,,1.08006831490646,13,0,23864,11524,1.0
rpoC_p.Gly945Asp,0.987266215678472,,,1.078892220176713,7,0,23864,11530,1.0
rpoB_p.Lys891Glu,0.9872017064391414,1.0,1,1.078334740905557,38,0,23864,11499,1.0
rpoA_p.Gly31Ser,0.9872119355268416,1.0,1,1.076926610394226,34,0,23864,11503,1.0
rpoB_p.Val534Met,0.9871931696905016,1.0,1,1.076696625610214,45,1,23863,11492,0.9782608695652174
rpoB_p.Phe503Ser,0.9873619795131037,0.9545454545454546,0,1.074982001295951,22,1,23863,11515,0.9565217391304348
rpoC_p.Phe452Cys,0.9872187458394355,1.0,1,1.073818735753741,28,0,23864,11509,1.0
rpoB_p.Thr400Ala,0.9872238488155444,1.0,1,1.073070133076616,27,0,23864,11510,1.0
rpoC_p.Gln479Arg,0.9872493026962412,1.0,1,1.072909804628383,11,0,23864,11526,1.0
rpoB_p.Ala286Val,0.9872102318145484,1.0,1,1.072014094828612,35,0,23864,11502,1.0
rpoC_p.Thr812Ile,0.9872374368519011,1.0,1,1.071162396865286,18,0,23864,11519,1.0
rpoB_p.Ile491Leu,0.987266215678472,,,1.070314716661894,10,0,23864,11527,1.0
rpoC_p.Val431Met,0.9872068230277186,1.0,1,1.069062063331463,35,0,23864,11502,1.0
rpoB_p.His674Arg,0.987266215678472,,,1.069019252147348,7,1,23863,11530,0.875
rpoB_p.Val534Ala,0.987480021310602,0.9354838709677419,0,1.066791543968657,29,2,23862,11508,0.935483870967742
rpoC_p.Glu1137Gly,0.9872017064391414,1.0,1,1.064739938146569,41,0,23864,11496,1.0
rpoA_p.Gly31Ala,0.987220447284345,1.0,1,1.064486754447787,27,0,23864,11510,1.0
rpoC_p.Leu746Val,0.9872323447266924,1.0,1,1.064362923280358,20,0,23864,11517,1.0
rpoC_p.Gly433Ser,0.9873434585664802,0.9696969696969697,0,1.063257260403626,33,1,23863,11504,0.9705882352941176
rpoC_p.Asn698Lys,0.9872153415900919,1.0,1,1.063242238113708,30,0,23864,11507,1.0
rpoC_p.Pro434Arg,0.9872391333244717,1.0,1,1.062897918304237,17,0,23864,11520,1.0
rpoC_p.His525Asn,0.9872289477185047,1.0,1,1.062776226223098,22,0,23864,11515,1.0
rpoA_p.Ala180Val,0.9872289477185047,1.0,1,1.062432433620836,22,0,23864,11515,1.0
rpoC_p.Pro1040Leu,0.9872289477185047,1.0,1,1.061287074889072,22,0,23864,11515,1.0
rpoB_p.Arg827Leu,0.9872170439414114,1.0,1,1.061085496465311,29,0,23864,11508,1.0
Rv2477c_p.Leu227Gln,0.9872645263995755,1.0,1,1.060670121403604,5,0,23864,11532,1.0
rpoC_p.Val1252Met,0.9872306464485235,1.0,1,1.060221224926841,21,0,23864,11516,1.0
rpoC_p.Phe452Leu,0.987222148276321,1.0,1,1.060129185814912,26,0,23864,11511,1.0
rpoB_p.Pro45Leu,0.9872374368519011,1.0,1,1.059614719574253,17,0,23864,11520,1.0
rpoC_p.Ser561Pro,0.987266215678472,,,1.059192429897436,18,0,23864,11519,1.0
rpoC_p.Leu449Val,0.9872102318145484,1.0,1,1.05879943792597,33,0,23864,11504,1.0
rpoC_p.Phe831Leu,0.9873619795131037,0.9545454545454546,0,1.058755436711211,21,1,23863,11516,0.9545454545454546
rpoB_p.Phe424Val,0.987266215678472,,,1.057476215507114,14,0,23864,11518,1.0
rpoB_p.Ile491Thr,0.9872594558725946,1.0,1,1.057086146883812,7,0,23864,11530,1.0
rpoB_p.Leu378Arg,0.987266215678472,,,1.05525109097976,11,0,23864,11526,1.0
nusG_p.Arg124Leu,0.9872289477185047,1.0,1,1.054707146996843,22,0,23864,11515,1.0
Rv2752c_c.-34G>C,0.9872340425531915,1.0,1,1.053768932491576,19,0,23864,11518,1.0
rpoB_p.Ile480Val,0.9873011629461302,0.9827586206896551,0,1.052858542360631,58,3,23861,11479,0.9508196721311476
rpoC_p.Asn698His,0.9872238488155444,1.0,1,1.052840325128742,25,0,23864,11512,1.0
rpoC_p.Pro1040Thr,0.9872425249169435,1.0,1,1.051630811376214,14,0,23864,11523,1.0
rpoC_p.Pro434Gln,0.9872476089266737,1.0,1,1.050386765907698,12,0,23864,11525,1.0
rpoC_p.Lys1152Asn,0.9872374368519011,1.0,1,1.049864047754944,17,0,23864,11520,1.0
rpoC_p.Ile832Val,0.9872526888859381,1.0,1,1.049709314159628,9,0,23864,11528,1.0
mtrB_p.Ala144Gly,0.9872493026962412,1.0,1,1.049611294717075,11,0,23864,11526,1.0
rpoC_p.Gln1125His,0.9872425249169435,1.0,1,1.048638024857012,18,0,23864,11519,1.0
nusG_p.Asn65His,0.9872459147070546,1.0,1,1.047817989231815,13,0,23864,11524,1.0
rpoC_p.Leu449Arg,0.9872509960159362,1.0,1,1.047243712768392,13,0,23864,11524,1.0
rpoB_c.-179C>T,0.9872323447266924,1.0,1,1.046751375731857,26,0,23864,11511,1.0
rpoC_p.Ala1213Glu,0.9872493026962412,1.0,1,1.046700659644905,10,0,23864,11527,1.0
rpoC_p.Val1124Gly,0.9872442200372044,1.0,1,1.046325735016142,15,0,23864,11522,1.0
rpoB_p.Ile873Phe,0.9872391333244717,1.0,1,1.046276979443011,16,0,23864,11521,1.0
rpoB_p.Arg552His,0.9872408293460925,1.0,1,1.045997235184315,15,0,23864,11522,1.0
rpoC_p.Val1039Gly,0.9872476089266737,1.0,1,1.045458785119416,11,0,23864,11526,1.0
Rv1129c_p.Leu212Pro,0.9872577647995753,1.0,1,1.045305291453274,6,1,23863,11531,0.8571428571428571
rpoB_p.Met920Val,0.9872476089266737,1.0,1,1.045199507166636,11,0,23864,11526,1.0
rpoA_p.Arg182Leu,0.9872476089266737,1.0,1,1.045088756230554,11,0,23864,11526,1.0
rpoC_p.Glu757Gly,0.9872459147070546,1.0,1,1.044751253010152,12,0,23864,11525,1.0
rpoA_p.Pro25Arg,0.987266215678472,,,1.044610127267081,17,0,23864,11520,1.0
rpoC_p.Ala492Val,0.9872459147070546,1.0,1,1.044396565085025,12,0,23864,11525,1.0
rpoC_p.Ala492Pro,0.9872560732775787,1.0,1,1.044346053088471,6,0,23864,11531,1.0
rpoC_p.Asn416Thr,0.9872476089266737,1.0,1,1.043811761425656,11,0,23864,11526,1.0
rpoB_p.Arg827His,0.9872442200372044,1.0,1,1.043518183273869,14,0,23864,11523,1.0
rpoC_p.Arg572His,0.9872476089266737,1.0,1,1.043509196629903,11,0,23864,11526,1.0
rpoC_p.Gln1110His,0.9872459147070546,1.0,1,1.043497514367538,12,0,23864,11525,1.0
rpoB_p.Thr399Ile,0.9872408293460925,1.0,1,1.04310138166026,15,0,23864,11522,1.0
rpoC_p.Thr853Ala,0.9872611464968153,1.0,1,1.043062332601104,7,0,23864,11530,1.0
rpoC_p.Glu750Gly,0.987254381306426,1.0,1,1.042632121760249,8,0,23864,11529,1.0
rpoB_p.Lys274Asn,0.9872526888859381,1.0,1,1.04235644705224,9,0,23864,11528,1.0
rpoB_p.Leu862Arg,0.987266215678472,,,1.042242570205582,17,0,23864,11520,1.0
rpoC_p.Thr1230Ile,0.9872526888859381,1.0,1,1.042095126746479,8,0,23864,11529,1.0
rpoB_p.Pro45Arg,0.9872577647995753,1.0,1,1.0418470965237,5,0,23864,11532,1.0
rpoC_p.Gly433Ala,0.9872425249169435,1.0,1,1.041403805154316,14,0,23864,11523,1.0
rpoC_p.Arg770His,0.9872442200372044,1.0,1,1.041108679517479,13,0,23864,11524,1.0
rpoC_p.Asn771Asp,0.9872526888859381,1.0,1,1.040935348582898,8,1,23863,11529,0.8888888888888888
rpoB_p.Thr400Ser,0.987254381306426,1.0,1,1.040924891317579,7,0,23864,11530,1.0
rpoB_p.Glu550Gly,0.9872509960159362,1.0,1,1.040734414386111,9,0,23864,11528,1.0
rpoB_p.His723Asp,0.987254381306426,1.0,1,1.040183398654126,8,0,23864,11529,1.0
rpoB_p.Tyr564His,0.9872493026962412,1.0,1,1.039474443655059,10,0,23864,11527,1.0
nusG_p.Arg69Trp,0.9872594558725946,1.0,1,1.039337345155306,6,0,23864,11531,1.0
nusG_c.-98C>T,0.9872340425531915,1.0,1,1.039105963650214,19,1,23863,11518,0.95
rpoC_p.Val775Ala,0.987254381306426,1.0,1,1.038134358775249,7,0,23864,11530,1.0
rpoC_p.Glu518Asp,0.9872391333244717,1.0,1,1.038119779288032,16,0,23864,11521,1.0
nusG_p.Leu73Phe,0.9872577647995753,1.0,1,1.038063220431031,6,0,23864,11531,1.0
rpoB_p.Tyr308Cys,0.9872476089266737,1.0,1,1.037309941219677,11,0,23864,11526,1.0
rpoB_p.Arg552Cys,0.987254381306426,1.0,1,1.037227726667409,7,0,23864,11530,1.0
Rv1129c_p.Phe202Tyr,0.9872391333244717,1.0,1,1.037116221739488,16,0,23863,11521,1.0
rpoC_p.Glu488Gly,0.9872560732775787,1.0,1,1.036954519566621,6,0,23864,11531,1.0
rpoC_p.Glu488Gln,0.9872509960159362,1.0,1,1.036865123427464,9,0,23864,11528,1.0
rpoB_p.Val562Ala,0.9872560732775787,1.0,1,1.036690028328273,7,0,23864,11530,1.0
rpoC_p.Glu750Gln,0.9872560732775787,1.0,1,1.03653823255727,8,0,23864,11529,1.0
rpoC_p.Asp747Ala,0.9872425249169435,1.0,1,1.036277384721147,15,0,23864,11522,1.0
rpoC_p.Met983Ile,0.9872611464968153,1.0,1,1.03587532699856,7,0,23864,11530,1.0
rpoB_p.Ala584Asp,0.9872560732775787,1.0,1,1.035607130038109,7,0,23864,11530,1.0
rpoB_p.Asp574Glu,0.9872442200372044,1.0,1,1.035391594202321,13,0,23864,11524,1.0
rpoA_p.Thr181Ala,0.9872577647995753,1.0,1,1.035250100038349,6,0,23864,11531,1.0
nusG_p.Val70Ala,0.9872526888859381,1.0,1,1.035050925369452,8,0,23864,11529,1.0
rpoC_p.Thr825Ala,0.987254381306426,1.0,1,1.035035267104204,7,0,23864,11530,1.0
rpoC_p.Asp735Glu,0.9872526888859381,1.0,1,1.035028494636961,8,0,23864,11529,1.0
rpoC_p.Gly519Arg,0.9872526888859381,1.0,1,1.033517520069065,8,0,23864,11529,1.0
Rv2752c_p.Ter559Tyrext*?,0.9872493026962412,1.0,1,1.033349647584699,10,0,23864,11527,1.0
rpoB_p.Val168Ala,0.987266215678472,,,1.033019015411806,9,0,23864,11528,1.0
rpoC_p.Gln435His,0.9872526888859381,1.0,1,1.032852365696787,8,0,23864,11529,1.0
rpoC_p.Val1147Ala,0.9872459147070546,1.0,1,1.032626289067281,12,0,23864,11525,1.0
rpoB_p.Val970Met,0.9872577647995753,1.0,1,1.032552615650698,6,0,23864,11531,1.0
rpoA_c.-84_-83insC,0.9872442200372044,1.0,1,1.032181320805287,17,0,23117,11229,1.0
rpoC_p.Gln523Lys,0.9872577647995753,1.0,1,1.031618268065037,6,0,23864,11531,1.0
rpoC_p.Gly433Cys,0.9872560732775787,1.0,1,1.031460987060708,6,0,23864,11531,1.0
rpoC_p.Tyr849Ser,0.9872560732775787,1.0,1,1.031405090291448,6,0,23864,11531,1.0
rpoC_p.Glu1113Gly,0.9872560732775787,1.0,1,1.031332409391894,6,0,23864,11531,1.0
Rv1129c_p.Leu321Phe,0.9872611464968153,1.0,1,1.031276798940082,5,0,23864,11532,1.0
Rv2752c_p.Arg535Cys,0.9872425249169435,1.0,1,1.030985436912973,14,0,23864,11523,1.0
rpoB_p.Asp92Gly,0.987266215678472,,,1.030825208883151,8,0,23863,11529,1.0
rpoC_p.Pro434Thr,0.9872560732775787,1.0,1,1.030823311002524,6,0,23864,11531,1.0
rpoB_p.Leu831Arg,0.987266215678472,,,1.030650892707854,12,0,23864,11525,1.0
rpoC_p.Asp485His,0.9872560732775787,1.0,1,1.030377070997004,7,0,23864,11530,1.0
Rv2752c_p.Glu499fs,0.9872560732775787,1.0,1,1.030126907625831,6,0,23864,11531,1.0
rpoC_p.Asp747Gly,0.987254381306426,1.0,1,1.029872581101848,7,0,23864,11530,1.0
rpoB_p.His674Tyr,0.987266215678472,,,1.029617742641749,5,0,23864,11532,1.0
rpoB_p.Phe971Leu,0.9872560732775787,1.0,1,1.029211831582854,6,0,23864,11531,1.0
rpoC_p.Val431Leu,0.9872577647995753,1.0,1,1.029186519367725,5,0,23864,11532,1.0
rpoB_p.Ser874Tyr,0.987254381306426,1.0,1,1.029159398506536,7,0,23864,11530,1.0
rpoC_p.Ile851Val,0.9872526888859381,1.0,1,1.029157543467171,8,0,23864,11529,1.0
rpoC_p.Gln523Glu,0.987254381306426,1.0,1,1.028880636713509,7,0,23864,11530,1.0
rpoC_p.Lys715Thr,0.9872577647995753,1.0,1,1.028802697577897,5,0,23864,11532,1.0
Rv2477c_p.His189Tyr,0.9872408293460925,1.0,1,1.028670493226669,16,4,23860,11521,0.8
rpoC_p.Ile491Asn,0.9872509960159362,1.0,1,1.028332958165323,9,0,23864,11528,1.0
Rv2752c_p.Gly28Ser,0.9872459147070546,1.0,1,1.028148521586304,15,0,23864,11522,1.0
rpoB_p.Pro45Ala,0.9872560732775787,1.0,1,1.02778590411781,6,0,23864,11531,1.0
rpoC_p.Ala734Val,0.987254381306426,1.0,1,1.027595122532804,7,0,23864,11530,1.0
rpoC_p.Pro1040Gln,0.9872476089266737,1.0,1,1.027530000929554,11,0,23864,11526,1.0
rpoB_p.Gly836Ser,0.987254381306426,1.0,1,1.027446686128516,7,0,23864,11530,1.0
rpoC_p.Ala818Val,0.9872526888859381,1.0,1,1.02614269077712,8,0,23864,11529,1.0
rpoC_p.Gly519Ser,0.9872560732775787,1.0,1,1.026050543057749,6,0,23864,11531,1.0
rpoB_p.Leu42Val,0.9872459147070546,1.0,1,1.025970874387093,12,0,23864,11525,1.0
rpoC_p.Pro434Ala,0.9872577647995753,1.0,1,1.025459326761728,5,0,23864,11532,1.0
rpoC_p.Pro434Val,0.9872577647995753,1.0,1,1.025181031938841,5,0,23864,11532,1.0
rpoA_p.Asp253Gly,0.9872594558725946,1.0,1,1.024924503290581,6,1,23863,11531,0.8571428571428571
rpoB_p.Thr159Pro,0.9872577647995753,1.0,1,1.024886339950981,5,0,23864,11532,1.0
rpoB_p.Ile90Ser,0.987266215678472,,,1.024836091690541,7,0,23864,11530,1.0
mtrB_p.Glu429Gly,0.9872560732775787,1.0,1,1.023551116412793,6,0,23864,11531,1.0
mtrB_p.Val273Leu,0.9872560732775787,1.0,1,1.02269328318334,8,0,23864,11529,1.0
rpoA_c.-65G>C,0.9872560732775787,1.0,1,1.022603512170846,6,0,22171,10818,1.0
rpoB_c.-142C>T,0.9872493026962412,1.0,1,1.022533032005209,10,0,23864,11527,1.0
rpoB_p.Lys799Gln,0.987266215678472,,,1.022289288180811,5,0,23864,11532,1.0
rpoC_p.Arg556Cys,0.9872577647995753,1.0,1,1.021553154311524,5,0,23864,11532,1.0
Rv2752c_p.Ser339del,0.9872611464968153,1.0,1,1.021542136155059,9,0,23864,11528,1.0
Rv1129c_p.Arg238Cys,0.9872577647995753,1.0,1,1.021440493356704,8,0,23863,11529,1.0
rpoC_p.Trp484Leu,0.9872526888859381,1.0,1,1.020169116545712,9,0,23864,11528,1.0
Rv2752c_p.Ser498Pro,0.9872476089266737,1.0,1,1.019802235179267,11,0,23864,11526,1.0
Rv2477c_p.Val426Met,0.9872509960159362,1.0,1,1.019156224269716,9,0,23864,11528,1.0
Rv2752c_p.His397Arg,0.9872459147070546,1.0,1,1.018590039868125,12,0,23864,11525,1.0
rpoC_p.Glu513Gln,0.987266215678472,,,1.016939000718418,8,0,23864,11529,1.0
rpoC_p.Gly388Ala,0.987266215678472,,,1.016812047167234,8,0,23864,11529,1.0
Rv2752c_p.Gln246*,0.9872560732775787,1.0,1,1.016233767318202,7,0,23863,11530,1.0
rpoB_p.Glu592Asp,0.9872645263995755,1.0,1,1.016197336568268,5,0,23864,11532,1.0
Rv2477c_p.Pro434Gln,0.987254381306426,1.0,1,1.014734228741289,7,0,23864,11530,1.0
rpoB_p.His1028Tyr,0.987266215678472,,,1.013841699721341,6,0,23864,11531,1.0
Rv2752c_p.Tyr385Asp,0.9872577647995753,1.0,1,1.013454798001622,5,0,23864,11532,1.0
