mutation,WHO_Odds_Ratio,WHO_BH_pval,WHO_BH_LRT_pval,WHO_Present_R,WHO_Present_S,WHO_R_PPV_LB,ALL_Odds_Ratio,ALL_BH_pval,ALL_BH_LRT_pval,ALL_Present_R,ALL_Present_S,ALL_R_PPV_LB,FINAL CONFIDENCE GRADING
inhA_p.Ile194Thr,1.219017702268199,0.0,1.508109039481081e-09,170.0,4.0,0.9421888288676624,1.20520445552617,0.0,3.8765444436663345e-11,241.0,7.0,0.9427113039282552,Assoc w R
ahpC_c.-57C>T,1.164949955570362,0.0,3.805541743706202e-05,32.0,1.0,0.8424060277275032,1.165687921617051,0.0,1.30614220389651e-05,46.0,2.0,0.8574590267986223,Assoc w R
ahpC_c.-48G>A,1.16846607531299,0.0,0.0048480518773936,113.0,7.0,0.8835016203543132,1.161707801372521,0.0,0.0009764965646123,169.0,15.0,0.8691072365584929,Assoc w R
inhA_p.Ile21Thr,1.144922585464822,0.0,4.995105838706816e-05,70.0,1.0,0.9240065838788966,1.155356101397433,0.0,4.236763318760436e-08,163.0,4.0,0.939811076060386,Assoc w R
ahpC_c.-52C>T,1.138770189124913,0.0,0.0007630531536698,56.0,8.0,0.7684736940339959,1.13683431757648,0.0,0.0003342734678096,96.0,10.0,0.8333436185458335,Assoc w R
ahpC_c.-54C>T,1.125298385618386,0.0,0.0335166250697925,25.0,2.0,0.7571016531543728,1.133144390327582,0.0,0.0013423523303959,44.0,3.0,0.8246075699870767,Assoc w R
ahpC_p.Asp73His,1.104832942305566,0.0,0.0120173760407658,25.0,2.0,0.7571016531543728,1.131390741561237,0.0,0.001811080913712,71.0,3.0,0.8860627432529786,Assoc w R
inhA_c.-809G>A,1.130432901721741,0.0,0.0063781278513408,26.0,0.0,0.8677253955022459,1.118556726851698,0.0,0.0073825206589532,28.0,0.0,0.8765638814997306,Assoc w R
inhA_c.-100C>A,1.09498039298583,0.0,0.0854042885139126,16.0,0.0,0.7940927857921769,1.102612766145433,0.0,5.607997033744645e-05,40.0,3.0,0.8093927681142095,Assoc w R
katG_p.Ser315Gly,1.130137538419991,0.0,3.838769771320157e-05,20.0,0.0,0.8315665290169145,1.09843255561837,0.0,6.011379744970546e-05,28.0,1.0,0.8223557045115856,Assoc w R
ahpC_c.-76T>A,1.13802587753347,0.0,3.871312673565589e-05,19.0,0.0,0.823533088192828,1.097204179571881,0.0,0.0043844147513688,26.0,1.0,0.8102943825869554,Assoc w R
katG_p.Asn138Ser,1.104225900797842,0.0,2.43749082168417e-10,7.0,0.0,0.5903836027749514,1.095145104191071,0.0,1.5565392052433571e-09,8.0,0.0,0.6305833524471808,Assoc w R
katG_p.Gly279Asp,1.080654044593394,0.0,2.56360282142005e-06,4.0,0.0,0.3976353643835142,1.094947758397735,0.0,1.460834437129448e-09,8.0,0.0,0.6305833524471808,Assoc w R - Interim
katG_p.Ala109Val,1.103067137101948,0.0,3.112865940414875e-09,8.0,0.0,0.6305833524471808,1.091073097681298,0.0,9.152875375514656e-09,8.0,0.0,0.6305833524471808,Assoc w R
katG_p.Ala110Val,1.093536367037353,0.0,0.0415840013270263,11.0,0.0,0.7150858470818456,1.089810259600004,0.0,0.0328863444769125,14.0,0.0,0.7683642383498855,Assoc w R
katG_p.Leu141Ser,1.076700283474217,0.0,0.0501179743949365,4.0,1.0,0.2835820638819105,1.088182482734014,0.0,0.0017134292640466,10.0,1.0,0.5872200830116173,Assoc w R
katG_p.Trp161Arg,1.089041633427007,0.0,1.615183556102689e-07,5.0,0.0,0.4781762498950185,1.086270021623371,0.0,2.595467916965686e-07,5.0,2.0,0.2904208637373425,Assoc w R
katG_c.-10A>C,1.018959123827278,0.5561800995024876,0.8863615258709164,3.0,1.0,0.1941204496832433,1.083659257490921,0.0,0.0058802033824546,9.0,1.0,0.5549838829718047,Assoc w R - Interim
ahpC_c.-72C>T,1.045260229898884,0.0,0.5862515167031405,17.0,4.0,0.5809339588164454,1.080957284233958,0.0,0.0078055901059115,37.0,4.0,0.7686854506903693,Assoc w R
katG_p.Pro232Ala,1.041146672981963,0.0,0.0778843580529916,1.0,0.0,0.025,1.07707546277982,0.0,1.30614220389651e-05,5.0,0.0,0.4781762498950185,Assoc w R - Interim
katG_p.Tyr337Cys,1.055173664918188,0.0275562913907284,0.0579526100279082,4.0,1.0,0.2835820638819105,1.076692265862535,0.0047823691460055,0.002981799516928,9.0,1.0,0.5549838829718047,Assoc w R
katG_p.Asn138His,1.080199849440558,0.0,0.0060321566132171,6.0,0.0,0.5407418735600995,1.075608952229799,0.0,0.0038919609719987,7.0,0.0,0.5903836027749514,Assoc w R
katG_p.Met257Ile,1.048972699438547,0.0049359430604982,0.5019062913069694,7.0,1.0,0.4734903291248362,1.075569128419535,0.0,0.0285737704965457,9.0,1.0,0.5549838829718047,Assoc w R
katG_p.Gly699Glu,1.095673008543407,0.0,4.785703211520987e-11,9.0,1.0,0.5549838829718047,1.075400895225571,0.0,2.028254679983786e-09,9.0,1.0,0.5549838829718047,Assoc w R
katG_p.Ser302Arg,1.084430494788651,0.0,0.0320116886636811,7.0,1.0,0.4734903291248362,1.074373856546115,0.0,0.0304918254754542,7.0,1.0,0.4734903291248362,Assoc w R
katG_p.Gln127Pro,1.064586348759056,0.0,0.0458520310449001,15.0,1.0,0.6976792615654389,1.071967069577287,0.0,0.0045365924381899,23.0,4.0,0.6626891359757556,Assoc w R
katG_p.Asp142Gly,1.061768141042767,0.0143979238754325,4.73919051585094e-05,4.0,2.0,0.2227780955035495,1.07081923328568,0.0,6.524043951906802e-08,9.0,2.0,0.4822441476398754,Assoc w R - Interim
katG_p.Tyr155Ser,1.061837612127775,0.0,0.0586691278141242,4.0,0.0,0.3976353643835142,1.068786259946234,0.0047823691460055,0.0365050078598895,7.0,0.0,0.5903836027749514,Assoc w R - Interim
katG_p.Gly299Ser,1.046665686386932,0.0985085227272727,0.4543784322844431,3.0,0.0,0.2924017738212867,1.068248736737716,0.0,0.0017748492338015,5.0,0.0,0.4781762498950185,Assoc w R - Interim
katG_p.Pro232Ser,1.062388696131258,0.0275562913907284,0.0579526100279082,4.0,0.0,0.3976353643835142,1.065835913173812,0.0,0.0054490412116571,13.0,1.0,0.6613155100681788,Assoc w R - Interim
inhA_c.-176A>C,1.068267796317552,0.0,0.0005673556585172,9.0,1.0,0.5549838829718047,1.06221230115713,0.0,0.0042697650284008,18.0,3.0,0.636576012983019,Assoc w R
inhA_p.Ile21Val,1.069811450946902,0.0,0.024944098668188,37.0,12.0,0.6113040853115097,1.062115164327767,0.0,0.0304918254754542,53.0,13.0,0.6867611541519331,Assoc w R
katG_p.Trp191Arg,1.034482396623524,0.0316254071661237,0.2055524187074965,9.0,3.0,0.4281415381219002,1.057315684095439,0.0,0.0266248009645906,27.0,3.0,0.7347115495257919,Assoc w R
katG_p.Asp189Gly,1.044768543806646,0.0355641025641025,0.1365827887957724,5.0,1.0,0.3587654210025136,1.056635333066383,0.0,0.0002578786269726,8.0,2.0,0.4439045376923585,Assoc w R
katG_p.Gly297Val,1.068348326621118,0.0096655052264808,3.156933113294036e-06,6.0,1.0,0.4212768029568018,1.056553570072217,0.014,7.922607277270388e-06,6.0,1.0,0.4212768029568018,Assoc w R
katG_p.Gln525Pro,1.052053913684748,0.0430745341614906,0.0002157108760511,4.0,1.0,0.2835820638819105,1.051768228688526,0.0094604904632152,0.0003101677556187,6.0,1.0,0.4212768029568018,Assoc w R - Interim
katG_p.Asn138Asp,1.052767152439138,0.0049359430604982,0.000575988652777,5.0,2.0,0.2904208637373425,1.048114571366838,0.0047823691460055,0.0003342734678096,6.0,2.0,0.3491442055871758,Assoc w R
katG_p.Gln461Pro,1.042053213664993,0.0275562913907284,0.0192061101839234,4.0,2.0,0.2227780955035495,1.037467902856362,0.0,0.012126602923995,6.0,3.0,0.2992950562085404,Assoc w R - Interim
